Image Name,Main Color 1,Main Color 1 %,Main Color 2,Main Color 2 %,Main Color 3,Main Color 3 %,Unique Color Count,Average Color
1002462721355605.jpg,"[228, 217, 215]",11.12,"[32, 43, 104]",33.75,"[90, 107, 155]",20.79,4636,"[72.03007777777778, 73.16376666666666, 110.96323333333333]"
1006839897842365.jpg,"[82, 48, 86]",15.84,"[238, 222, 224]",14.0,"[24, 8, 27]",42.13,4779,"[104.61153333333333, 78.00216666666667, 97.55305555555556]"
1005496424373161.jpg,"[20, 22, 53]",26.37,"[145, 75, 67]",7.95,"[32, 43, 104]",33.8,4636,"[72.03007777777778, 73.16376666666666, 110.96323333333333]"
1009100954246582.jpg,"[37, 54, 109]",39.32,"[156, 116, 109]",9.92,"[220, 203, 199]",8.2,4025,"[68.64552222222223, 72.96824444444445, 95.88177777777778]"
1014948383759566.jpg,"[9, 9, 22]",38.32,"[247, 192, 13]",6.2,"[154, 105, 102]",12.82,3103,"[66.66558888888889, 59.21858888888889, 70.07277777777777]"
1016666336813113.jpg,"[189, 160, 134]",12.8,"[21, 21, 32]",15.44,"[160, 74, 65]",7.42,3128,"[87.23506666666667, 84.04966666666667, 115.42553333333333]"
1017074716470547.jpg,"[20, 22, 53]",26.35,"[90, 107, 155]",20.8,"[228, 217, 215]",11.13,4636,"[72.03007777777778, 73.16376666666666, 110.96323333333333]"
1013297337205987.jpg,"[240, 232, 231]",9.33,"[28, 39, 105]",49.56,"[18, 22, 52]",27.18,4155,"[61.55918888888889, 62.2011, 103.94875555555555]"
1017867590093265.jpg,"[242, 241, 243]",11.06,"[20, 25, 54]",35.79,"[194, 82, 60]",11.54,3720,"[90.58212222222222, 85.77381111111112, 101.18821111111112]"
1017875370134073.jpg,"[142, 143, 201]",25.36,"[62, 77, 145]",22.93,"[243, 184, 28]",6.66,4983,"[121.17337777777777, 122.39535555555555, 153.12658888888888]"
1018733943286507.jpg,"[47, 36, 42]",21.77,"[142, 132, 142]",17.04,"[113, 80, 79]",27.66,4941,"[99.13972222222222, 88.18348888888889, 104.22753333333333]"
1021765613071360.jpg,"[216, 213, 236]",17.5,"[62, 76, 145]",24.94,"[135, 137, 193]",24.46,4703,"[114.76397777777778, 116.13407777777778, 146.2048111111111]"
1023283016007222.jpg,"[134, 78, 72]",13.07,"[246, 234, 230]",9.84,"[67, 80, 140]",34.69,4015,"[98.8491, 90.29507777777778, 118.21676666666667]"
1023289176109123.jpg,"[14, 8, 14]",40.14,"[133, 121, 130]",17.65,"[230, 229, 231]",12.79,4198,"[86.74865555555556, 68.83511111111112, 79.1006]"
1024224589367606.jpg,"[33, 47, 109]",53.01,"[243, 243, 246]",10.04,"[69, 78, 131]",18.18,3019,"[75.17405555555555, 79.63076666666667, 122.86945555555556]"
1024647719411833.jpg,"[12, 19, 38]",27.34,"[212, 237, 246]",34.02,"[105, 123, 146]",12.71,4505,"[112.764, 124.2577, 139.97756666666666]"
1024606639398088.jpg,"[23, 30, 48]",29.89,"[246, 244, 245]",10.36,"[69, 81, 91]",25.29,4668,"[101.65193333333333, 109.15165555555555, 121.5282888888889]"
1028952141967096.jpg,"[150, 70, 70]",6.36,"[204, 176, 170]",7.6,"[35, 39, 75]",40.08,3827,"[93.34751111111112, 93.24614444444444, 126.76213333333334]"
1030691641769164.jpg,"[55, 54, 89]",30.19,"[191, 170, 172]",6.94,"[19, 21, 49]",25.38,4911,"[87.94512222222222, 77.14737777777778, 104.03927777777778]"
1031902304860901.jpg,"[55, 54, 89]",30.08,"[243, 242, 244]",7.14,"[118, 86, 115]",30.39,4911,"[87.94512222222222, 77.14737777777778, 104.03927777777778]"
1031431642104894.jpg,"[247, 238, 235]",7.42,"[63, 75, 138]",48.74,"[20, 22, 44]",30.53,3672,"[78.37461111111111, 76.9306, 113.14923333333333]"
1032800938310913.jpg,"[118, 86, 115]",30.4,"[243, 242, 243]",7.14,"[19, 21, 49]",25.36,4911,"[87.94512222222222, 77.14737777777778, 104.03927777777778]"
1035154627918319.jpg,"[14, 15, 30]",47.6,"[247, 189, 16]",5.12,"[37, 43, 94]",31.9,3218,"[60.4553, 55.74232222222222, 70.06334444444444]"
1035296668320318.jpg,"[75, 88, 141]",37.01,"[245, 246, 248]",9.29,"[36, 34, 76]",43.31,3768,"[87.04918888888889, 85.19205555555556, 123.20456666666666]"
1036947304601122.jpg,"[41, 56, 108]",34.98,"[220, 209, 209]",7.61,"[5, 27, 71]",38.79,4082,"[71.8887111111111, 75.22922222222222, 94.20512222222223]"
1037936767698588.jpg,"[41, 56, 108]",35.05,"[165, 121, 116]",9.3,"[220, 209, 209]",7.63,4082,"[71.8887111111111, 75.22922222222222, 94.20512222222223]"
1038664494547477.jpg,"[197, 157, 148]",7.6,"[48, 58, 85]",18.36,"[106, 122, 146]",12.77,4505,"[112.764, 124.2577, 139.97756666666666]"
1039978734200794.jpg,"[38, 46, 102]",26.76,"[110, 118, 160]",23.39,"[237, 228, 227]",12.22,3648,"[81.18397777777778, 79.45135555555555, 115.62128888888888]"
1040176490970323.jpg,"[48, 53, 67]",19.45,"[182, 131, 94]",26.14,"[242, 239, 239]",10.85,4706,"[105.37994444444445, 89.91367777777778, 83.59562222222222]"
1040440818085571.jpg,"[47, 58, 85]",18.35,"[212, 237, 246]",33.95,"[197, 157, 148]",7.6,4505,"[112.764, 124.2577, 139.97756666666666]"
1041783640869185.jpg,"[37, 43, 95]",33.09,"[244, 187, 18]",3.21,"[238, 237, 239]",6.14,3152,"[55.725233333333335, 52.48608888888889, 71.8959111111111]"
1040722490833571.jpg,"[32, 43, 104]",33.8,"[228, 217, 216]",11.12,"[145, 75, 67]",7.95,4636,"[72.03007777777778, 73.16376666666666, 110.96323333333333]"
1042109490749114.jpg,"[23, 56, 106]",12.22,"[247, 243, 244]",18.86,"[173, 129, 137]",11.37,4327,"[94.84568888888889, 84.67865555555555, 99.1339]"
1043782713795791.jpg,"[11, 8, 12]",34.24,"[250, 192, 19]",12.15,"[236, 231, 227]",8.81,3144,"[88.5847, 69.63701111111111, 63.35368888888889]"
1042905357040479.jpg,"[109, 117, 160]",23.29,"[16, 19, 59]",29.65,"[237, 228, 226]",12.27,3648,"[81.18397777777778, 79.45135555555555, 115.62128888888888]"
1042367393898901.jpg,"[243, 232, 233]",14.8,"[25, 8, 28]",39.1,"[151, 105, 126]",15.64,4766,"[111.67243333333333, 85.51513333333334, 104.55555555555556]"
1045222473779793.jpg,"[183, 179, 189]",14.21,"[98, 105, 145]",13.86,"[235, 237, 241]",27.29,3788,"[130.09803333333332, 122.35132222222222, 146.48461111111112]"
1045330467169485.jpg,"[233, 233, 229]",12.31,"[56, 73, 157]",62.77,"[32, 30, 32]",15.89,1675,"[85.0644, 87.88562222222222, 141.72843333333333]"
1045730293883888.jpg,"[31, 90, 158]",30.43,"[244, 236, 235]",11.36,"[24, 26, 66]",27.44,4843,"[95.59734444444445, 93.23388888888888, 131.99153333333334]"
1046325206854941.jpg,"[21, 22, 44]",30.54,"[63, 75, 138]",48.75,"[248, 238, 236]",7.39,3672,"[78.37461111111111, 76.9306, 113.14923333333333]"
1046597420237787.jpg,"[224, 169, 108]",10.89,"[20, 25, 54]",35.59,"[242, 241, 242]",11.09,3720,"[90.58212222222222, 85.77381111111112, 101.18821111111112]"
1046982746790492.jpg,"[239, 241, 244]",55.02,"[36, 45, 82]",6.45,"[151, 142, 146]",12.8,2892,"[205.86062222222222, 187.43786666666668, 193.9822888888889]"
1049231390181560.jpg,"[239, 241, 244]",56.02,"[206, 40, 51]",10.18,"[154, 145, 149]",12.88,2881,"[206.74255555555555, 190.4214111111111, 196.77463333333333]"
1048581313720836.jpg,"[249, 188, 19]",14.44,"[3, 25, 68]",39.59,"[162, 116, 106]",9.85,3579,"[80.84544444444444, 79.86832222222222, 84.92918888888889]"
1049405713318016.jpg,"[36, 34, 76]",43.31,"[194, 167, 164]",8.41,"[203, 33, 50]",1.98,3768,"[87.04918888888889, 85.19205555555556, 123.20456666666666]"
1049567303180303.jpg,"[55, 39, 26]",10.67,"[253, 254, 236]",53.29,"[174, 117, 47]",14.44,2697,"[201.0999111111111, 195.56972222222223, 173.67915555555555]"
1050211470069883.jpg,"[205, 33, 48]",1.96,"[20, 20, 37]",25.93,"[244, 228, 223]",9.99,4625,"[104.99041111111111, 88.9166, 104.95003333333334]"
1050340646477075.jpg,"[36, 56, 119]",27.7,"[210, 31, 46]",9.3,"[2, 11, 38]",45.69,3463,"[59.062733333333334, 48.13863333333333, 80.20456666666666]"
1050557332846855.jpg,"[243, 242, 241]",12.73,"[41, 52, 89]",35.42,"[139, 175, 180]",16.57,4729,"[111.65698888888889, 115.4669, 124.7638]"
1052311756613279.jpg,"[26, 37, 73]",24.53,"[230, 174, 45]",5.12,"[211, 209, 234]",17.68,4895,"[103.42964444444445, 107.66423333333333, 148.15107777777777]"
1052325906471236.jpg,"[66, 80, 132]",23.5,"[164, 150, 160]",8.14,"[18, 27, 74]",39.21,4100,"[82.21472222222222, 72.01101111111112, 106.00638888888889]"
1052632999705919.jpg,"[127, 103, 113]",11.38,"[2, 11, 38]",45.68,"[227, 213, 205]",5.94,3463,"[59.062733333333334, 48.13863333333333, 80.20456666666666]"
1052667723191718.jpg,"[55, 54, 89]",30.28,"[243, 241, 243]",7.2,"[189, 169, 171]",6.88,4911,"[87.94512222222222, 77.14737777777778, 104.03927777777778]"
1056788089130792.jpg,"[4, 25, 68]",39.23,"[241, 146, 74]",12.43,"[144, 105, 113]",8.66,3964,"[71.7589, 69.44847777777778, 94.31676666666667]"
1058149782577342.jpg,"[158, 133, 51]",26.59,"[250, 248, 242]",21.87,"[42, 36, 12]",17.74,4561,"[148.4251111111111, 149.0671111111111, 122.87116666666667]"
1057851102057210.jpg,"[28, 39, 105]",49.49,"[151, 143, 162]",7.37,"[18, 22, 52]",27.31,4155,"[61.55918888888889, 62.2011, 103.94875555555555]"
1058390919013075.jpg,"[214, 172, 125]",25.0,"[33, 42, 73]",23.61,"[236, 237, 240]",7.53,4616,"[113.29658888888889, 96.9897, 89.3792111111111]"
1059619061696960.jpg,"[156, 106, 107]",10.31,"[10, 11, 24]",41.84,"[37, 42, 93]",32.2,3025,"[67.38254444444445, 47.65582222222222, 71.14528888888889]"
1061189202051928.jpg,"[37, 45, 83]",6.49,"[240, 241, 244]",54.41,"[207, 39, 50]",11.61,2824,"[206.47003333333333, 187.61922222222222, 194.17626666666666]"
1059767062189238.jpg,"[46, 58, 102]",40.51,"[233, 215, 211]",10.91,"[90, 101, 143]",32.2,3819,"[90.38385555555556, 90.17283333333333, 120.89324444444445]"
1062172021964595.jpg,"[22, 30, 79]",54.64,"[242, 240, 241]",7.25,"[150, 65, 65]",5.67,4123,"[68.83987777777777, 69.58137777777777, 111.16184444444444]"
1063041198773696.jpg,"[230, 173, 55]",5.45,"[31, 43, 87]",29.85,"[220, 218, 239]",24.34,4923,"[122.13978888888889, 124.75614444444444, 161.74337777777777]"
1063279058516727.jpg,"[203, 33, 50]",1.98,"[36, 34, 76]",43.31,"[245, 246, 248]",9.29,3768,"[87.04918888888889, 85.19205555555556, 123.20456666666666]"
1063816745262084.jpg,"[82, 75, 84]",40.95,"[226, 198, 190]",7.41,"[28, 26, 33]",28.17,4860,"[97.72862222222223, 85.88421111111111, 86.85656666666667]"
1065431425154660.jpg,"[185, 142, 129]",9.7,"[33, 47, 109]",53.0,"[243, 243, 246]",10.04,3019,"[75.17405555555555, 79.63076666666667, 122.86945555555556]"
1066142398183077.jpg,"[246, 245, 245]",10.34,"[23, 29, 48]",29.75,"[147, 174, 202]",20.66,4668,"[101.65193333333333, 109.15165555555555, 121.5282888888889]"
1068627401558498.jpg,"[61, 65, 119]",28.21,"[205, 210, 228]",10.47,"[206, 37, 50]",12.1,3524,"[97.13055555555556, 80.41547777777778, 126.05996666666667]"
1070040538173125.jpg,"[131, 127, 153]",27.69,"[41, 49, 86]",48.4,"[244, 246, 248]",7.03,4128,"[101.24457777777778, 97.57165555555555, 122.94571111111111]"
1070905657886262.jpg,"[63, 75, 138]",48.74,"[247, 238, 235]",7.42,"[145, 71, 67]",6.7,3672,"[78.37461111111111, 76.9306, 113.14923333333333]"
1070521087923522.jpg,"[135, 91, 83]",13.04,"[193, 170, 165]",14.73,"[232, 240, 244]",30.34,4202,"[134.26205555555555, 144.28331111111112, 145.79154444444444]"
1072887474502006.jpg,"[92, 104, 147]",33.02,"[197, 194, 198]",15.74,"[249, 190, 16]",4.08,5116,"[101.45337777777777, 96.58426666666666, 104.59313333333333]"
1073271414168689.jpg,"[239, 241, 244]",55.06,"[206, 41, 51]",10.35,"[155, 147, 151]",13.06,2906,"[205.0295888888889, 188.80483333333333, 195.71983333333333]"
1073359577761486.jpg,"[189, 169, 171]",6.87,"[55, 54, 89]",30.22,"[118, 86, 115]",30.37,4911,"[87.94512222222222, 77.14737777777778, 104.03927777777778]"
1075118800713438.jpg,"[195, 173, 176]",8.63,"[40, 49, 86]",48.28,"[244, 246, 248]",7.04,4128,"[101.24457777777778, 97.57165555555555, 122.94571111111111]"
1078357660303794.jpg,"[89, 64, 84]",28.85,"[224, 182, 170]",6.15,"[137, 118, 138]",32.55,4625,"[104.99041111111111, 88.9166, 104.95003333333334]"
1077383940611944.jpg,"[41, 52, 90]",35.29,"[243, 242, 241]",12.75,"[179, 135, 111]",11.49,4729,"[111.65698888888889, 115.4669, 124.7638]"
1079371206858014.jpg,"[23, 41, 95]",30.38,"[233, 244, 252]",38.99,"[205, 32, 47]",10.7,2758,"[138.9720888888889, 132.35972222222222, 162.0828]"
1082045326588994.jpg,"[76, 88, 157]",19.71,"[220, 218, 239]",24.25,"[31, 43, 88]",29.95,4923,"[122.13978888888889, 124.75614444444444, 161.74337777777777]"
1084045569899107.jpg,"[62, 77, 144]",21.85,"[143, 145, 202]",25.51,"[216, 213, 237]",21.88,4806,"[123.33383333333333, 123.49634444444445, 150.41825555555556]"
1083551356413124.jpg,"[106, 122, 146]",12.78,"[212, 237, 246]",33.95,"[12, 19, 38]",27.33,4505,"[112.764, 124.2577, 139.97756666666666]"
1091852939023046.jpg,"[188, 12, 20]",36.01,"[253, 253, 252]",18.58,"[228, 159, 158]",2.37,1875,"[211.661, 68.96814444444445, 77.01907777777778]"
1091997129029517.jpg,"[216, 213, 236]",22.17,"[23, 33, 58]",22.37,"[245, 186, 26]",8.29,4806,"[123.33383333333333, 123.49634444444445, 150.41825555555556]"
1107102897652318.jpg,"[74, 85, 140]",27.94,"[243, 242, 244]",9.04,"[19, 24, 52]",28.36,4427,"[75.8792888888889, 78.10466666666666, 110.6891]"
1123991055753364.jpg,"[21, 25, 54]",35.9,"[195, 83, 61]",11.52,"[242, 241, 243]",11.03,3720,"[90.58212222222222, 85.77381111111112, 101.18821111111112]"
1097719238578657.jpg,"[239, 241, 244]",57.97,"[170, 136, 142]",7.55,"[207, 36, 48]",13.32,2963,"[210.62564444444445, 186.9060111111111, 193.82125555555555]"
1125333878538423.jpg,"[49, 62, 104]",31.51,"[237, 228, 226]",11.99,"[169, 84, 82]",6.22,4558,"[85.60152222222223, 91.20694444444445, 122.95528888888889]"
1147415829658391.jpg,"[12, 19, 38]",27.35,"[197, 157, 148]",7.58,"[106, 123, 146]",12.74,4505,"[112.764, 124.2577, 139.97756666666666]"
1151702299223435.jpg,"[36, 56, 119]",27.7,"[227, 213, 205]",5.95,"[210, 31, 46]",9.3,3463,"[59.062733333333334, 48.13863333333333, 80.20456666666666]"
1149532906145833.jpg,"[28, 36, 47]",25.44,"[100, 177, 196]",18.9,"[243, 241, 241]",11.63,4918,"[99.61772222222223, 118.3270888888889, 125.5513111111111]"
1155390832242881.jpg,"[67, 79, 134]",25.44,"[186, 167, 170]",7.03,"[22, 30, 79]",54.63,4123,"[68.83987777777777, 69.58137777777777, 111.16184444444444]"
1161533344952365.jpg,"[28, 26, 33]",28.0,"[151, 130, 141]",19.93,"[81, 75, 83]",40.91,4860,"[97.72862222222223, 85.88421111111111, 86.85656666666667]"
1167870567632485.jpg,"[143, 145, 203]",25.61,"[62, 77, 146]",22.14,"[244, 184, 26]",8.15,4904,"[123.61747777777778, 123.98438888888889, 151.9991222222222]"
1172564697145952.jpg,"[14, 15, 30]",47.62,"[238, 237, 239]",6.17,"[247, 189, 16]",5.12,3218,"[60.4553, 55.74232222222222, 70.06334444444444]"
1171262663991385.jpg,"[249, 244, 237]",63.01,"[31, 27, 42]",15.96,"[166, 91, 101]",6.77,1955,"[201.59516666666667, 176.38253333333333, 176.8850888888889]"
1174086463823528.jpg,"[151, 65, 66]",5.67,"[22, 30, 80]",54.75,"[242, 240, 242]",7.22,4123,"[68.83987777777777, 69.58137777777777, 111.16184444444444]"
1180858509842649.jpg,"[234, 231, 233]",7.46,"[13, 14, 33]",42.18,"[155, 103, 103]",15.82,3211,"[69.81041111111111, 54.473077777777775, 78.98837777777777]"
1177046983593904.jpg,"[38, 49, 117]",32.92,"[220, 219, 238]",14.7,"[132, 129, 169]",13.95,4370,"[88.84696666666666, 86.21494444444444, 126.3916888888889]"
1181317849814201.jpg,"[166, 123, 88]",12.8,"[250, 250, 251]",8.07,"[22, 31, 51]",32.82,4778,"[111.56877777777778, 108.43843333333334, 107.89392222222222]"
1182165709709255.jpg,"[24, 30, 49]",30.23,"[147, 174, 203]",20.47,"[70, 82, 91]",25.14,4668,"[101.65193333333333, 109.15165555555555, 121.5282888888889]"
1183436692951090.jpg,"[251, 200, 33]",41.02,"[20, 22, 36]",23.73,"[248, 115, 205]",18.86,3228,"[185.70697777777778, 136.01463333333334, 84.90352222222222]"
1182301376163781.jpg,"[239, 247, 252]",43.0,"[16, 38, 86]",20.18,"[195, 137, 85]",3.12,2391,"[133.87187777777777, 146.0102222222222, 175.9323777777778]"
1187790769165104.jpg,"[26, 17, 34]",33.78,"[207, 157, 169]",12.79,"[248, 244, 247]",17.38,4734,"[113.47002222222223, 91.98901111111111, 112.07176666666666]"
1188734335747977.jpg,"[26, 35, 82]",50.28,"[191, 164, 162]",8.52,"[71, 84, 137]",32.86,4023,"[72.5143, 75.67717777777777, 117.20853333333334]"
1189930882067212.jpg,"[241, 146, 74]",12.36,"[34, 52, 104]",32.24,"[217, 199, 196]",7.64,3964,"[71.7589, 69.44847777777778, 94.31676666666667]"
1190480482183853.jpg,"[245, 246, 248]",8.36,"[56, 56, 99]",31.91,"[118, 89, 114]",31.43,4918,"[93.41871111111111, 83.528, 111.38678888888889]"
1191079508862950.jpg,"[18, 22, 52]",27.31,"[151, 143, 162]",7.37,"[138, 65, 60]",6.63,4155,"[61.55918888888889, 62.2011, 103.94875555555555]"
1192311745346342.jpg,"[98, 105, 145]",13.88,"[235, 237, 241]",27.27,"[29, 39, 78]",37.38,3788,"[130.09803333333332, 122.35132222222222, 146.48461111111112]"
1193574338451236.jpg,"[14, 15, 31]",48.62,"[238, 237, 239]",6.15,"[153, 108, 108]",8.94,3152,"[55.725233333333335, 52.48608888888889, 71.8959111111111]"
1192580535323762.jpg,"[22, 31, 51]",32.81,"[195, 201, 211]",21.78,"[166, 123, 88]",12.8,4778,"[111.56877777777778, 108.43843333333334, 107.89392222222222]"
1203231817589008.jpg,"[20, 22, 53]",26.37,"[89, 107, 155]",20.77,"[228, 217, 216]",11.12,4636,"[72.03007777777778, 73.16376666666666, 110.96323333333333]"
1203908624176581.jpg,"[100, 177, 196]",18.9,"[27, 36, 47]",25.34,"[73, 87, 94]",29.62,4918,"[99.61772222222223, 118.3270888888889, 125.5513111111111]"
1204360710909711.jpg,"[162, 200, 175]",12.81,"[189, 9, 18]",18.71,"[41, 121, 114]",15.59,3405,"[172.94945555555555, 157.5714, 147.90364444444444]"
1204325257447016.jpg,"[29, 32, 37]",43.96,"[248, 189, 15]",8.3,"[189, 163, 123]",14.98,4484,"[113.55027777777778, 102.62725555555555, 77.13415555555555]"
1205924660742189.jpg,"[132, 120, 130]",17.89,"[13, 8, 13]",39.79,"[230, 228, 230]",12.84,4198,"[86.74865555555556, 68.83511111111112, 79.1006]"
1205887387530848.jpg,"[246, 247, 248]",7.52,"[20, 22, 43]",60.23,"[136, 104, 108]",4.65,4054,"[59.31115555555556, 57.38045555555556, 75.3442]"
1207655467102334.jpg,"[153, 108, 109]",8.94,"[14, 15, 31]",48.62,"[37, 43, 95]",33.08,3152,"[55.725233333333335, 52.48608888888889, 71.8959111111111]"
1206840920593328.jpg,"[37, 26, 48]",19.08,"[243, 236, 241]",7.92,"[157, 107, 103]",8.44,2807,"[50.27384444444444, 37.76718888888889, 49.43107777777778]"
1209505590056543.jpg,"[134, 5, 6]",36.78,"[247, 242, 239]",7.26,"[74, 4, 4]",30.44,1434,"[101.42954444444445, 25.3676, 25.36572222222222]"
1211908920091508.jpg,"[15, 38, 86]",19.98,"[239, 247, 252]",43.02,"[160, 171, 205]",7.07,2391,"[133.87187777777777, 146.0102222222222, 175.9323777777778]"
1212296350097349.jpg,"[46, 58, 102]",40.51,"[233, 215, 211]",10.91,"[90, 101, 143]",32.21,3819,"[90.38385555555556, 90.17283333333333, 120.89324444444445]"
1212413370092508.jpg,"[38, 49, 32]",23.69,"[105, 111, 130]",19.09,"[247, 188, 19]",12.73,4458,"[91.82924444444444, 95.83155555555555, 88.9085]"
1214125929732256.jpg,"[46, 58, 102]",40.51,"[233, 215, 211]",10.91,"[90, 101, 143]",32.2,3819,"[90.38385555555556, 90.17283333333333, 120.89324444444445]"
1219281489117425.jpg,"[8, 7, 11]",61.64,"[157, 107, 103]",8.44,"[243, 236, 241]",7.93,2807,"[50.27384444444444, 37.76718888888889, 49.43107777777778]"
1221080805907712.jpg,"[9, 9, 22]",38.31,"[247, 192, 13]",6.2,"[154, 105, 102]",12.83,3103,"[66.66558888888889, 59.21858888888889, 70.07277777777777]"
1220838199183607.jpg,"[245, 246, 248]",9.29,"[36, 34, 76]",43.31,"[75, 88, 141]",37.01,3768,"[87.04918888888889, 85.19205555555556, 123.20456666666666]"
1221248025961558.jpg,"[201, 33, 50]",1.99,"[26, 35, 82]",50.28,"[241, 242, 246]",6.34,4023,"[72.5143, 75.67717777777777, 117.20853333333334]"
1222734892204588.jpg,"[100, 177, 196]",18.91,"[27, 36, 47]",25.19,"[72, 87, 93]",29.66,4918,"[99.61772222222223, 118.3270888888889, 125.5513111111111]"
1223739008662394.jpg,"[79, 92, 153]",37.91,"[168, 91, 84]",7.64,"[18, 18, 35]",25.14,3574,"[78.99847777777778, 77.47505555555556, 113.63663333333334]"
1224496678562382.jpg,"[119, 91, 77]",14.31,"[242, 239, 240]",10.82,"[18, 21, 29]",29.54,4706,"[105.37994444444445, 89.91367777777778, 83.59562222222222]"
1225371942218631.jpg,"[74, 132, 49]",18.13,"[252, 252, 251]",16.04,"[29, 36, 18]",22.32,4444,"[142.28273333333334, 150.6211111111111, 127.62626666666667]"
1228050565186383.jpg,"[20, 26, 62]",35.87,"[70, 88, 123]",37.06,"[238, 239, 240]",5.72,4524,"[85.00457777777778, 89.57346666666666, 105.88663333333334]"
1228030791696433.jpg,"[37, 54, 109]",39.29,"[156, 116, 109]",9.92,"[245, 185, 17]",7.62,4025,"[68.64552222222223, 72.96824444444445, 95.88177777777778]"
1228851978057305.jpg,"[98, 123, 169]",26.48,"[237, 228, 226]",11.98,"[20, 26, 54]",23.78,4558,"[85.60152222222223, 91.20694444444445, 122.95528888888889]"
1229962305114520.jpg,"[9, 3, 2]",36.55,"[198, 101, 19]",19.36,"[250, 249, 247]",5.46,3581,"[99.24823333333333, 58.792477777777776, 29.959555555555557]"
1230067818418785.jpg,"[95, 115, 172]",21.38,"[38, 37, 65]",32.75,"[243, 244, 247]",7.08,4733,"[105.04301111111111, 96.69113333333334, 120.23864444444445]"
1234257724375317.jpg,"[207, 41, 56]",7.27,"[183, 179, 189]",14.21,"[29, 39, 78]",37.37,3788,"[130.09803333333332, 122.35132222222222, 146.48461111111112]"
1236325654030866.jpg,"[3, 25, 68]",39.12,"[216, 198, 195]",7.69,"[34, 52, 104]",32.22,3964,"[71.7589, 69.44847777777778, 94.31676666666667]"
1237230697408750.jpg,"[17, 20, 17]",23.47,"[145, 103, 90]",20.38,"[236, 237, 240]",7.53,4616,"[113.29658888888889, 96.9897, 89.3792111111111]"
1237232764134203.jpg,"[94, 99, 155]",26.93,"[34, 38, 91]",22.28,"[206, 37, 50]",12.1,3524,"[97.13055555555556, 80.41547777777778, 126.05996666666667]"
1239270174187357.jpg,"[216, 213, 237]",21.98,"[63, 78, 146]",22.16,"[244, 184, 26]",8.15,4904,"[123.61747777777778, 123.98438888888889, 151.9991222222222]"
1240318557328932.jpg,"[242, 239, 239]",10.85,"[115, 90, 77]",14.31,"[182, 131, 94]",26.19,4706,"[105.37994444444445, 89.91367777777778, 83.59562222222222]"
1242843836713543.jpg,"[199, 201, 207]",14.36,"[207, 37, 48]",12.71,"[37, 46, 87]",7.26,2911,"[203.99915555555555, 182.78933333333333, 190.1027]"
1244908683521350.jpg,"[56, 56, 99]",31.92,"[245, 246, 248]",8.34,"[17, 20, 49]",21.27,4918,"[93.41871111111111, 83.528, 111.38678888888889]"
1251562392652663.jpg,"[20, 42, 103]",25.51,"[254, 254, 254]",65.84,"[119, 127, 152]",3.43,973,"[187.27386666666666, 189.57181111111112, 206.79166666666666]"
1247294506423731.jpg,"[24, 8, 27]",38.67,"[200, 163, 176]",14.13,"[148, 102, 124]",15.69,4766,"[111.67243333333333, 85.51513333333334, 104.55555555555556]"
1250950535934473.jpg,"[118, 41, 54]",19.95,"[241, 236, 236]",9.2,"[18, 27, 74]",39.21,4100,"[82.21472222222222, 72.01101111111112, 106.00638888888889]"
1253460526013638.jpg,"[121, 92, 77]",14.36,"[18, 21, 29]",29.95,"[242, 240, 240]",10.79,4706,"[105.37994444444445, 89.91367777777778, 83.59562222222222]"
1253750212456706.jpg,"[57, 76, 158]",41.67,"[158, 124, 128]",6.58,"[227, 228, 227]",7.45,2976,"[97.88573333333333, 68.736, 113.01998888888889]"
1254991052178285.jpg,"[246, 189, 17]",3.66,"[82, 75, 84]",40.92,"[226, 197, 190]",7.46,4860,"[97.72862222222223, 85.88421111111111, 86.85656666666667]"
1254325989281454.jpg,"[198, 157, 148]",7.56,"[48, 58, 85]",18.35,"[212, 237, 246]",33.94,4505,"[112.764, 124.2577, 139.97756666666666]"
1258905405101335.jpg,"[41, 56, 108]",35.08,"[220, 209, 208]",7.65,"[4, 27, 71]",38.66,4082,"[71.8887111111111, 75.22922222222222, 94.20512222222223]"
1259951188750844.jpg,"[144, 145, 202]",25.55,"[23, 33, 58]",22.49,"[245, 185, 26]",8.31,4806,"[123.33383333333333, 123.49634444444445, 150.41825555555556]"
1259261995453033.jpg,"[35, 39, 75]",40.14,"[204, 176, 169]",7.58,"[94, 108, 158]",38.93,3827,"[93.34751111111112, 93.24614444444444, 126.76213333333334]"
1260333288461032.jpg,"[20, 22, 53]",26.34,"[89, 107, 155]",20.78,"[228, 217, 215]",11.13,4636,"[72.03007777777778, 73.16376666666666, 110.96323333333333]"
1264448474974910.jpg,"[46, 35, 42]",21.63,"[142, 132, 142]",17.17,"[245, 245, 246]",5.93,4941,"[99.13972222222222, 88.18348888888889, 104.22753333333333]"
1268257484165493.jpg,"[239, 241, 244]",55.08,"[206, 40, 51]",10.34,"[155, 147, 151]",13.04,2906,"[205.0295888888889, 188.80483333333333, 195.71983333333333]"
1272531884153027.jpg,"[98, 39, 8]",31.48,"[250, 249, 247]",5.46,"[198, 101, 19]",19.39,3581,"[99.24823333333333, 58.792477777777776, 29.959555555555557]"
1268990084262986.jpg,"[197, 158, 172]",13.39,"[24, 8, 27]",42.03,"[82, 48, 85]",15.86,4779,"[104.61153333333333, 78.00216666666667, 97.55305555555556]"
1282519613157935.jpg,"[36, 56, 119]",27.7,"[2, 11, 38]",45.69,"[227, 213, 205]",5.95,3463,"[59.062733333333334, 48.13863333333333, 80.20456666666666]"
1277461377006986.jpg,"[244, 185, 24]",8.71,"[62, 77, 145]",25.07,"[135, 137, 193]",24.38,4703,"[114.76397777777778, 116.13407777777778, 146.2048111111111]"
1282600859818975.jpg,"[39, 47, 98]",19.36,"[235, 214, 209]",9.95,"[79, 92, 153]",37.91,3574,"[78.99847777777778, 77.47505555555556, 113.63663333333334]"
1286619718988267.jpg,"[243, 242, 242]",30.14,"[94, 94, 125]",23.12,"[20, 6, 26]",20.52,3761,"[148.20925555555556, 138.12627777777777, 149.32396666666668]"
1289250522055801.jpg,"[32, 43, 104]",33.81,"[228, 217, 216]",11.12,"[90, 107, 155]",20.78,4636,"[72.03007777777778, 73.16376666666666, 110.96323333333333]"
1289338068697441.jpg,"[62, 76, 144]",21.82,"[216, 213, 236]",21.96,"[23, 33, 58]",22.4,4806,"[123.33383333333333, 123.49634444444445, 150.41825555555556]"
1314381276189456.jpg,"[23, 32, 51]",33.79,"[250, 250, 251]",8.07,"[169, 125, 90]",12.3,4778,"[111.56877777777778, 108.43843333333334, 107.89392222222222]"
1320349432276296.jpg,"[89, 107, 155]",20.79,"[228, 217, 216]",11.13,"[32, 43, 104]",33.82,4636,"[72.03007777777778, 73.16376666666666, 110.96323333333333]"
1321317485943623.jpg,"[35, 56, 107]",36.47,"[241, 232, 230]",5.71,"[112, 100, 125]",19.52,4765,"[108.07497777777778, 115.48806666666667, 141.3889]"
1323549455617829.jpg,"[111, 133, 159]",17.57,"[222, 226, 228]",33.83,"[11, 19, 45]",22.25,4412,"[116.82641111111111, 123.90804444444444, 140.4763888888889]"
1343414496640237.jpg,"[131, 127, 153]",27.65,"[40, 49, 86]",48.28,"[244, 246, 248]",7.04,4128,"[101.24457777777778, 97.57165555555555, 122.94571111111111]"
1337551357227934.jpg,"[26, 35, 82]",50.28,"[241, 242, 246]",6.34,"[71, 84, 137]",32.86,4023,"[72.5143, 75.67717777777777, 117.20853333333334]"
1430523654302785.jpg,"[110, 130, 212]",22.85,"[27, 74, 163]",37.45,"[244, 186, 21]",9.07,4585,"[85.28783333333334, 104.01187777777778, 151.47586666666666]"
1385856209015214.jpg,"[242, 240, 241]",7.22,"[22, 30, 79]",54.66,"[67, 79, 134]",25.42,4123,"[68.83987777777777, 69.58137777777777, 111.16184444444444]"
1435689763805948.jpg,"[244, 187, 18]",3.21,"[14, 15, 31]",48.61,"[237, 237, 239]",6.17,3152,"[55.725233333333335, 52.48608888888889, 71.8959111111111]"
1432030754142778.jpg,"[112, 80, 79]",27.71,"[246, 245, 246]",5.92,"[68, 75, 123]",27.56,4941,"[99.13972222222222, 88.18348888888889, 104.22753333333333]"
1458530278162528.jpg,"[191, 79, 59]",11.46,"[31, 70, 116]",30.9,"[242, 241, 242]",11.13,3720,"[90.58212222222222, 85.77381111111112, 101.18821111111112]"
1451662318832308.jpg,"[177, 133, 108]",11.47,"[41, 52, 90]",35.05,"[140, 175, 180]",16.96,4729,"[111.65698888888889, 115.4669, 124.7638]"
1464911910812339.jpg,"[56, 57, 90]",28.84,"[243, 242, 244]",9.04,"[19, 24, 52]",28.35,4427,"[75.8792888888889, 78.10466666666666, 110.6891]"
1465570147437552.jpg,"[31, 41, 85]",20.6,"[213, 205, 219]",10.01,"[244, 186, 21]",9.07,4585,"[85.28783333333334, 104.01187777777778, 151.47586666666666]"
1470753156932156.jpg,"[142, 86, 59]",13.42,"[93, 104, 147]",33.07,"[197, 194, 198]",15.67,5116,"[101.45337777777777, 96.58426666666666, 104.59313333333333]"
1471300906905106.jpg,"[55, 54, 89]",30.1,"[243, 241, 243]",7.19,"[118, 86, 115]",30.36,4911,"[87.94512222222222, 77.14737777777778, 104.03927777777778]"
1485312605432467.jpg,"[239, 240, 243]",52.53,"[207, 37, 48]",12.7,"[156, 145, 149]",13.15,2911,"[203.99915555555555, 182.78933333333333, 190.1027]"
1475541833126462.jpg,"[245, 246, 247]",8.4,"[56, 56, 99]",31.89,"[17, 20, 49]",21.3,4918,"[93.41871111111111, 83.528, 111.38678888888889]"
1485977362052988.jpg,"[23, 12, 24]",39.33,"[246, 242, 244]",17.31,"[97, 56, 73]",20.5,4384,"[94.7961, 80.00738888888888, 95.94727777777777]"
1486222935416659.jpg,"[239, 89, 37]",69.11,"[33, 88, 193]",10.35,"[230, 226, 226]",6.72,1694,"[195.97764444444445, 96.75853333333333, 71.21752222222223]"
1489809095072674.jpg,"[239, 241, 244]",57.97,"[207, 36, 48]",13.33,"[170, 136, 142]",7.57,2963,"[210.62564444444445, 186.9060111111111, 193.82125555555555]"
1490302508259814.jpg,"[35, 56, 107]",36.46,"[142, 159, 191]",32.89,"[235, 178, 28]",5.42,4765,"[108.07497777777778, 115.48806666666667, 141.3889]"
1490544624921839.jpg,"[244, 186, 21]",9.08,"[27, 74, 163]",37.53,"[213, 206, 219]",9.99,4585,"[85.28783333333334, 104.01187777777778, 151.47586666666666]"
1493172491404334.jpg,"[244, 187, 18]",3.21,"[14, 15, 31]",48.61,"[153, 108, 109]",8.95,3152,"[55.725233333333335, 52.48608888888889, 71.8959111111111]"
1496876875038879.jpg,"[145, 103, 90]",20.39,"[33, 42, 73]",23.62,"[236, 237, 240]",7.53,4616,"[113.29658888888889, 96.9897, 89.3792111111111]"
1525210101421138.jpg,"[24, 34, 59]",22.24,"[63, 78, 147]",22.22,"[144, 145, 203]",25.51,4904,"[123.61747777777778, 123.98438888888889, 151.9991222222222]"
1533097307310178.jpg,"[94, 108, 158]",38.93,"[35, 39, 75]",40.16,"[246, 246, 248]",7.05,3827,"[93.34751111111112, 93.24614444444444, 126.76213333333334]"
1533586937271871.jpg,"[144, 75, 66]",7.95,"[32, 43, 104]",33.83,"[228, 217, 215]",11.13,4636,"[72.03007777777778, 73.16376666666666, 110.96323333333333]"
1538427940366807.jpg,"[92, 89, 81]",23.8,"[244, 242, 242]",12.66,"[140, 175, 180]",16.81,4729,"[111.65698888888889, 115.4669, 124.7638]"
1549521532325551.jpg,"[74, 120, 178]",29.8,"[19, 27, 55]",28.05,"[230, 220, 219]",10.33,4823,"[78.05533333333334, 90.0691, 119.57934444444444]"
1552807342298826.jpg,"[94, 108, 158]",38.94,"[35, 39, 75]",40.19,"[246, 247, 248]",6.96,3827,"[93.34751111111112, 93.24614444444444, 126.76213333333334]"
1553181798641034.jpg,"[245, 246, 248]",9.3,"[36, 34, 76]",43.31,"[75, 88, 141]",37.01,3768,"[87.04918888888889, 85.19205555555556, 123.20456666666666]"
1554814298716619.jpg,"[144, 75, 66]",7.94,"[20, 22, 53]",26.32,"[228, 217, 215]",11.13,4636,"[72.03007777777778, 73.16376666666666, 110.96323333333333]"
1558079325103840.jpg,"[76, 88, 157]",19.73,"[220, 218, 239]",24.34,"[153, 153, 209]",20.65,4923,"[122.13978888888889, 124.75614444444444, 161.74337777777777]"
1558666198385817.jpg,"[207, 41, 56]",7.28,"[29, 39, 78]",37.39,"[235, 237, 241]",27.0,3788,"[130.09803333333332, 122.35132222222222, 146.48461111111112]"
1560187214707489.jpg,"[37, 43, 94]",31.9,"[247, 189, 16]",5.12,"[153, 108, 105]",9.22,3218,"[60.4553, 55.74232222222222, 70.06334444444444]"
1567439764173284.jpg,"[189, 160, 134]",12.8,"[42, 55, 117]",54.43,"[21, 21, 32]",15.44,3128,"[87.23506666666667, 84.04966666666667, 115.42553333333333]"
1572851699969421.jpg,"[2, 2, 3]",31.12,"[39, 107, 177]",50.9,"[243, 243, 243]",10.43,1023,"[56.95642222222222, 86.05657777777778, 122.40441111111112]"
1560520814859099.jpg,"[238, 220, 215]",10.62,"[77, 65, 62]",29.93,"[130, 118, 120]",24.13,4880,"[93.55987777777777, 81.12471111111111, 82.91478888888889]"
1577645583189735.jpg,"[188, 12, 20]",35.44,"[253, 253, 252]",18.58,"[211, 28, 41]",41.92,1875,"[211.661, 68.96814444444445, 77.01907777777778]"
1578049456084350.jpg,"[200, 202, 208]",14.48,"[207, 37, 48]",12.72,"[37, 46, 87]",7.28,2911,"[203.99915555555555, 182.78933333333333, 190.1027]"
1589865155221464.jpg,"[239, 247, 252]",43.0,"[15, 38, 86]",20.1,"[195, 137, 85]",3.12,2391,"[133.87187777777777, 146.0102222222222, 175.9323777777778]"
1590827085165230.jpg,"[191, 150, 141]",5.8,"[56, 57, 90]",28.86,"[243, 242, 244]",9.06,4427,"[75.8792888888889, 78.10466666666666, 110.6891]"
1592882858328644.jpg,"[43, 54, 106]",32.46,"[159, 147, 158]",12.88,"[188, 46, 51]",8.06,4296,"[79.60418888888888, 69.8925, 93.47796666666666]"
1597001877833844.jpg,"[200, 202, 208]",14.31,"[37, 46, 87]",7.21,"[239, 241, 244]",55.05,2906,"[205.0295888888889, 188.80483333333333, 195.71983333333333]"
1597085274209668.jpg,"[236, 240, 245]",24.82,"[13, 63, 93]",22.39,"[166, 137, 100]",16.12,4238,"[107.30294444444445, 121.29105555555556, 125.54611111111112]"
1600617030494458.jpg,"[239, 241, 244]",55.03,"[37, 46, 87]",7.22,"[155, 147, 151]",13.11,2906,"[205.0295888888889, 188.80483333333333, 195.71983333333333]"
1604147950166520.jpg,"[204, 176, 170]",7.63,"[35, 39, 75]",40.19,"[94, 108, 158]",38.94,3827,"[93.34751111111112, 93.24614444444444, 126.76213333333334]"
1610427046180152.jpg,"[191, 165, 163]",8.51,"[26, 35, 82]",50.29,"[71, 84, 137]",32.87,4023,"[72.5143, 75.67717777777777, 117.20853333333334]"
1621315121747666.jpg,"[238, 237, 239]",6.17,"[14, 15, 31]",48.61,"[244, 187, 18]",3.21,3152,"[55.725233333333335, 52.48608888888889, 71.8959111111111]"
1631911820686506.jpg,"[35, 39, 75]",40.16,"[246, 246, 248]",7.05,"[151, 70, 70]",6.28,3827,"[93.34751111111112, 93.24614444444444, 126.76213333333334]"
1635516813689577.jpg,"[219, 217, 238]",24.83,"[30, 43, 85]",28.82,"[150, 151, 208]",20.77,4923,"[122.13978888888889, 124.75614444444444, 161.74337777777777]"
1655259198657850.jpg,"[201, 202, 208]",14.36,"[207, 39, 50]",11.61,"[156, 147, 151]",13.13,2824,"[206.47003333333333, 187.61922222222222, 194.17626666666666]"
1648837279010787.jpg,"[118, 89, 114]",31.33,"[245, 246, 248]",8.34,"[56, 56, 99]",31.92,4918,"[93.41871111111111, 83.528, 111.38678888888889]"
1658494714940199.jpg,"[9, 9, 22]",38.32,"[234, 232, 233]",6.4,"[35, 41, 90]",36.25,3103,"[66.66558888888889, 59.21858888888889, 70.07277777777777]"
1664506497728791.jpg,"[67, 79, 134]",25.33,"[242, 240, 241]",7.22,"[22, 30, 80]",54.75,4123,"[68.83987777777777, 69.58137777777777, 111.16184444444444]"
1667140053860210.jpg,"[19, 21, 49]",25.38,"[118, 86, 115]",30.41,"[190, 170, 172]",6.92,4911,"[87.94512222222222, 77.14737777777778, 104.03927777777778]"
1678320852987677.jpg,"[188, 12, 20]",36.05,"[236, 188, 185]",1.28,"[211, 29, 42]",41.83,1875,"[211.661, 68.96814444444445, 77.01907777777778]"
1674340853323910.jpg,"[37, 54, 109]",39.28,"[220, 202, 198]",8.33,"[245, 185, 17]",7.62,4025,"[68.64552222222223, 72.96824444444445, 95.88177777777778]"
1667669780473431.jpg,"[112, 100, 73]",21.27,"[189, 164, 124]",14.95,"[29, 32, 37]",43.98,4484,"[113.55027777777778, 102.62725555555555, 77.13415555555555]"
1682519269207082.jpg,"[37, 54, 109]",39.29,"[245, 185, 17]",7.62,"[220, 203, 199]",8.19,4025,"[68.64552222222223, 72.96824444444445, 95.88177777777778]"
1685140595673219.jpg,"[42, 55, 117]",54.42,"[245, 244, 242]",9.91,"[21, 21, 32]",15.42,3128,"[87.23506666666667, 84.04966666666667, 115.42553333333333]"
1683360269088408.jpg,"[24, 30, 49]",30.22,"[147, 174, 202]",20.53,"[70, 82, 91]",25.05,4668,"[101.65193333333333, 109.15165555555555, 121.5282888888889]"
1688146128426004.jpg,"[239, 241, 243]",52.48,"[156, 146, 149]",13.18,"[37, 46, 86]",7.26,2911,"[203.99915555555555, 182.78933333333333, 190.1027]"
1698968790667605.jpg,"[57, 75, 135]",7.02,"[233, 244, 252]",38.95,"[24, 43, 98]",35.09,2758,"[138.9720888888889, 132.35972222222222, 162.0828]"
1697146341140856.jpg,"[112, 100, 125]",19.53,"[142, 159, 191]",32.89,"[235, 178, 28]",5.43,4765,"[108.07497777777778, 115.48806666666667, 141.3889]"
1699353190825338.jpg,"[21, 30, 53]",35.97,"[53, 156, 244]",21.9,"[186, 151, 122]",12.0,4558,"[87.90795555555556, 106.83066666666667, 129.51907777777777]"
1702995150523082.jpg,"[63, 75, 138]",48.75,"[248, 238, 236]",7.35,"[20, 22, 44]",30.53,3672,"[78.37461111111111, 76.9306, 113.14923333333333]"
1705983733485813.jpg,"[190, 151, 181]",29.64,"[50, 31, 20]",16.69,"[252, 252, 252]",16.36,4254,"[176.92086666666665, 125.9111, 139.84327777777779]"
1703053400464963.jpg,"[197, 157, 148]",7.6,"[12, 19, 38]",27.31,"[212, 237, 246]",33.95,4505,"[112.764, 124.2577, 139.97756666666666]"
1712612149554207.jpg,"[53, 51, 75]",22.66,"[203, 176, 169]",4.87,"[20, 22, 43]",60.3,4054,"[59.31115555555556, 57.38045555555556, 75.3442]"
1713632032720750.jpg,"[18, 13, 24]",37.24,"[247, 243, 244]",18.82,"[23, 56, 106]",12.18,4327,"[94.84568888888889, 84.67865555555555, 99.1339]"
1720090232085885.jpg,"[31, 30, 30]",14.32,"[254, 49, 50]",63.75,"[235, 234, 228]",12.26,1571,"[207.43262222222222, 75.16793333333334, 78.1502888888889]"
1717883948952518.jpg,"[25, 28, 60]",29.67,"[204, 163, 151]",12.74,"[67, 80, 140]",34.7,4015,"[98.8491, 90.29507777777778, 118.21676666666667]"
1718204285622207.jpg,"[23, 12, 24]",38.89,"[246, 242, 243]",17.47,"[167, 123, 136]",12.32,4384,"[94.7961, 80.00738888888888, 95.94727777777777]"
1725756794946027.jpg,"[26, 26, 38]",38.65,"[238, 234, 235]",7.87,"[45, 55, 106]",30.61,4176,"[83.65295555555555, 66.68717777777778, 89.41465555555556]"
1732644337538197.jpg,"[31, 33, 23]",9.37,"[162, 197, 228]",57.83,"[135, 134, 69]",11.16,2749,"[150.8324111111111, 179.95814444444446, 193.69197777777777]"
1730021671096598.jpg,"[247, 188, 19]",12.73,"[38, 49, 32]",23.53,"[104, 111, 131]",19.13,4458,"[91.82924444444444, 95.83155555555555, 88.9085]"
1735097287242036.jpg,"[142, 22, 16]",14.69,"[233, 228, 227]",15.27,"[13, 16, 49]",36.88,3849,"[130.90498888888888, 104.47674444444445, 83.24841111111111]"
1739094866830915.jpg,"[236, 233, 245]",48.47,"[39, 123, 168]",11.76,"[211, 160, 22]",22.13,3800,"[183.50547777777777, 179.98636666666667, 161.7017111111111]"
1777146089690592.jpg,"[236, 237, 241]",7.52,"[34, 42, 73]",23.47,"[145, 103, 90]",20.36,4616,"[113.29658888888889, 96.9897, 89.3792111111111]"
1806257943529027.jpg,"[14, 15, 31]",48.68,"[238, 237, 239]",6.17,"[37, 43, 95]",33.02,3152,"[55.725233333333335, 52.48608888888889, 71.8959111111111]"
1805142723226045.jpg,"[73, 87, 94]",29.69,"[100, 177, 196]",18.9,"[243, 241, 241]",11.63,4918,"[99.61772222222223, 118.3270888888889, 125.5513111111111]"
1808026909720359.jpg,"[14, 15, 31]",48.65,"[153, 108, 109]",8.94,"[37, 43, 95]",33.05,3152,"[55.725233333333335, 52.48608888888889, 71.8959111111111]"
1820150048513724.jpg,"[100, 177, 196]",18.9,"[27, 36, 47]",25.32,"[73, 87, 94]",29.69,4918,"[99.61772222222223, 118.3270888888889, 125.5513111111111]"
1830306297494421.jpg,"[131, 127, 153]",27.68,"[41, 49, 86]",48.3,"[244, 246, 248]",7.04,4128,"[101.24457777777778, 97.57165555555555, 122.94571111111111]"
1808941423210310.jpg,"[94, 108, 158]",38.94,"[35, 39, 75]",40.19,"[246, 247, 248]",6.95,3827,"[93.34751111111112, 93.24614444444444, 126.76213333333334]"
1840092773182932.jpg,"[9, 9, 22]",38.31,"[247, 192, 13]",6.2,"[234, 232, 233]",6.4,3103,"[66.66558888888889, 59.21858888888889, 70.07277777777777]"
1841902486297986.jpg,"[4, 26, 69]",34.59,"[220, 201, 197]",8.43,"[245, 184, 17]",7.65,4025,"[68.64552222222223, 72.96824444444445, 95.88177777777778]"
1871513353343874.jpg,"[207, 27, 45]",5.06,"[234, 231, 233]",7.45,"[13, 14, 33]",42.16,3211,"[69.81041111111111, 54.473077777777775, 78.98837777777777]"
1878578275998586.jpg,"[206, 38, 49]",11.2,"[239, 241, 244]",55.18,"[151, 142, 146]",12.78,2893,"[205.90993333333333, 187.5955, 194.12213333333332]"
1876076422877383.jpg,"[89, 107, 155]",20.77,"[228, 217, 216]",11.12,"[20, 22, 53]",26.37,4636,"[72.03007777777778, 73.16376666666666, 110.96323333333333]"
1908211136272877.jpg,"[22, 30, 79]",54.64,"[186, 167, 170]",7.02,"[242, 240, 241]",7.24,4123,"[68.83987777777777, 69.58137777777777, 111.16184444444444]"
1922191334926371.jpg,"[131, 127, 153]",27.7,"[40, 49, 86]",48.26,"[244, 246, 248]",7.03,4128,"[101.24457777777778, 97.57165555555555, 122.94571111111111]"
1918136965337174.jpg,"[30, 35, 47]",33.75,"[197, 194, 198]",15.67,"[93, 104, 147]",33.07,5116,"[101.45337777777777, 96.58426666666666, 104.59313333333333]"
1936123976836014.jpg,"[94, 108, 158]",38.93,"[150, 70, 70]",6.36,"[246, 246, 248]",7.03,3827,"[93.34751111111112, 93.24614444444444, 126.76213333333334]"
1940185116402590.jpg,"[17, 8, 13]",38.85,"[186, 154, 143]",10.46,"[212, 25, 59]",15.43,3424,"[96.46596666666667, 62.48542222222222, 74.05215555555556]"
1945202052584605.jpg,"[16, 22, 68]",46.12,"[239, 229, 227]",10.01,"[132, 134, 162]",12.23,4181,"[67.62605555555555, 67.68737777777778, 105.82073333333334]"
1941338362972495.jpg,"[35, 39, 75]",40.18,"[94, 108, 158]",38.94,"[246, 247, 248]",6.96,3827,"[93.34751111111112, 93.24614444444444, 126.76213333333334]"
1955735104872981.jpg,"[81, 75, 84]",40.89,"[152, 130, 141]",19.85,"[28, 26, 33]",28.13,4860,"[97.72862222222223, 85.88421111111111, 86.85656666666667]"
1958781367894993.jpg,"[37, 46, 87]",7.22,"[200, 202, 208]",14.3,"[206, 40, 51]",10.35,2906,"[205.0295888888889, 188.80483333333333, 195.71983333333333]"
1966731437175918.jpg,"[24, 34, 59]",22.14,"[143, 144, 203]",25.56,"[216, 213, 236]",22.09,4904,"[123.61747777777778, 123.98438888888889, 151.9991222222222]"
1980288455751012.jpg,"[63, 77, 145]",25.16,"[216, 214, 237]",17.3,"[244, 186, 24]",8.69,4703,"[114.76397777777778, 116.13407777777778, 146.2048111111111]"
1991122974664071.jpg,"[18, 27, 74]",39.22,"[241, 236, 236]",9.19,"[66, 80, 132]",23.52,4100,"[82.21472222222222, 72.01101111111112, 106.00638888888889]"
1991919314592496.jpg,"[18, 27, 74]",39.19,"[241, 236, 236]",9.22,"[66, 80, 132]",23.51,4100,"[82.21472222222222, 72.01101111111112, 106.00638888888889]"
1994341131018774.jpg,"[235, 232, 233]",6.4,"[9, 9, 22]",38.32,"[154, 105, 102]",12.82,3103,"[66.66558888888889, 59.21858888888889, 70.07277777777777]"
2056207134796122.jpg,"[222, 226, 228]",33.85,"[46, 62, 95]",21.68,"[112, 133, 159]",17.54,4412,"[116.82641111111111, 123.90804444444444, 140.4763888888889]"
2152288398480625.jpg,"[55, 54, 89]",30.11,"[189, 169, 171]",6.86,"[19, 21, 49]",25.45,4911,"[87.94512222222222, 77.14737777777778, 104.03927777777778]"
2157239427985207.jpg,"[144, 145, 202]",25.55,"[23, 33, 58]",22.49,"[62, 77, 144]",21.92,4806,"[123.33383333333333, 123.49634444444445, 150.41825555555556]"
2184359825278686.jpg,"[194, 6, 25]",3.49,"[243, 242, 243]",30.03,"[94, 94, 125]",23.14,3761,"[148.20925555555556, 138.12627777777777, 149.32396666666668]"
2191344051239779.jpg,"[228, 217, 216]",11.12,"[20, 22, 53]",26.34,"[89, 107, 155]",20.79,4636,"[72.03007777777778, 73.16376666666666, 110.96323333333333]"
2201137736921509.jpg,"[146, 72, 68]",6.72,"[63, 75, 138]",48.75,"[21, 22, 44]",30.55,3672,"[78.37461111111111, 76.9306, 113.14923333333333]"
2248773795466958.jpg,"[153, 108, 108]",8.94,"[14, 16, 31]",48.74,"[238, 237, 239]",6.15,3152,"[55.725233333333335, 52.48608888888889, 71.8959111111111]"
2207259842993568.jpg,"[42, 55, 117]",54.42,"[189, 160, 134]",12.88,"[245, 244, 242]",9.91,3128,"[87.23506666666667, 84.04966666666667, 115.42553333333333]"
2249352208785133.jpg,"[105, 122, 145]",12.8,"[212, 237, 246]",33.95,"[12, 19, 38]",27.3,4505,"[112.764, 124.2577, 139.97756666666666]"
2284973445168328.jpg,"[30, 64, 115]",10.49,"[249, 248, 250]",20.32,"[236, 28, 38]",49.79,2029,"[186.75338888888888, 84.96781111111112, 96.94895555555556]"
2364860013717904.jpg,"[222, 226, 228]",33.83,"[46, 62, 95]",21.67,"[196, 124, 93]",4.68,4412,"[116.82641111111111, 123.90804444444444, 140.4763888888889]"
2275279849485554.jpg,"[35, 56, 107]",36.29,"[142, 159, 191]",32.95,"[234, 177, 29]",5.48,4765,"[108.07497777777778, 115.48806666666667, 141.3889]"
2369626283242887.jpg,"[235, 237, 241]",27.24,"[29, 39, 78]",37.38,"[98, 105, 145]",13.9,3788,"[130.09803333333332, 122.35132222222222, 146.48461111111112]"
2476752119181330.jpg,"[182, 131, 94]",25.97,"[18, 21, 29]",29.31,"[242, 239, 239]",10.84,4706,"[105.37994444444445, 89.91367777777778, 83.59562222222222]"
2458223587854067.jpg,"[226, 197, 190]",7.45,"[28, 26, 33]",28.18,"[82, 75, 84]",40.94,4860,"[97.72862222222223, 85.88421111111111, 86.85656666666667]"
2468119993358209.jpg,"[235, 237, 241]",27.29,"[98, 105, 145]",13.86,"[29, 39, 78]",37.37,3788,"[130.09803333333332, 122.35132222222222, 146.48461111111112]"
2498064050398613.jpg,"[39, 50, 111]",24.92,"[238, 229, 227]",10.06,"[16, 22, 67]",45.22,4181,"[67.62605555555555, 67.68737777777778, 105.82073333333334]"
2511567629031281.jpg,"[29, 39, 78]",37.37,"[235, 237, 241]",27.29,"[98, 105, 145]",13.86,3788,"[130.09803333333332, 122.35132222222222, 146.48461111111112]"
2527276977482031.jpg,"[214, 172, 125]",25.01,"[33, 42, 73]",23.62,"[236, 237, 241]",7.52,4616,"[113.29658888888889, 96.9897, 89.3792111111111]"
2509741425892382.jpg,"[239, 241, 244]",57.97,"[207, 36, 48]",13.32,"[170, 136, 142]",7.55,2963,"[210.62564444444445, 186.9060111111111, 193.82125555555555]"
2593969534127100.jpg,"[216, 213, 236]",17.5,"[28, 39, 77]",24.41,"[244, 185, 24]",8.69,4703,"[114.76397777777778, 116.13407777777778, 146.2048111111111]"
2634922236686666.jpg,"[16, 19, 59]",29.53,"[110, 118, 160]",23.37,"[237, 228, 227]",12.24,3648,"[81.18397777777778, 79.45135555555555, 115.62128888888888]"
2769230033235405.jpg,"[242, 240, 241]",7.24,"[22, 30, 79]",54.64,"[67, 79, 134]",25.42,4123,"[68.83987777777777, 69.58137777777777, 111.16184444444444]"
2598115603724845.jpg,"[76, 65, 73]",17.36,"[226, 203, 195]",10.89,"[16, 16, 27]",44.97,4162,"[82.98125555555555, 73.88714444444444, 80.60751111111111]"
2794651197351280.jpg,"[29, 39, 78]",37.37,"[235, 237, 241]",27.29,"[207, 41, 56]",7.27,3788,"[130.09803333333332, 122.35132222222222, 146.48461111111112]"
2796307583880246.jpg,"[20, 22, 53]",26.31,"[89, 107, 155]",20.79,"[228, 217, 215]",11.13,4636,"[72.03007777777778, 73.16376666666666, 110.96323333333333]"
2802767826557779.jpg,"[21, 29, 53]",35.68,"[53, 156, 244]",21.89,"[185, 149, 120]",12.07,4558,"[87.90795555555556, 106.83066666666667, 129.51907777777777]"
2808099506033276.jpg,"[81, 74, 83]",40.91,"[226, 197, 190]",7.5,"[28, 26, 33]",27.96,4860,"[97.72862222222223, 85.88421111111111, 86.85656666666667]"
2880652845416326.jpg,"[250, 249, 247]",5.45,"[99, 39, 8]",31.45,"[9, 3, 2]",36.55,3581,"[99.24823333333333, 58.792477777777776, 29.959555555555557]"
2942648402551617.jpg,"[67, 79, 134]",25.33,"[242, 240, 241]",7.24,"[22, 30, 80]",54.73,4123,"[68.83987777777777, 69.58137777777777, 111.16184444444444]"
2894243247417847.jpg,"[20, 22, 54]",26.71,"[228, 217, 216]",11.11,"[90, 107, 155]",20.76,4636,"[72.03007777777778, 73.16376666666666, 110.96323333333333]"
297561020081610.jpg,"[14, 16, 31]",48.75,"[238, 237, 239]",6.15,"[244, 187, 18]",3.21,3152,"[55.725233333333335, 52.48608888888889, 71.8959111111111]"
298888336648038.jpg,"[14, 15, 31]",48.59,"[153, 108, 109]",8.94,"[238, 237, 239]",6.15,3152,"[55.725233333333335, 52.48608888888889, 71.8959111111111]"
317790421360622.jpg,"[236, 237, 241]",26.97,"[29, 39, 78]",37.41,"[184, 180, 191]",14.35,3788,"[130.09803333333332, 122.35132222222222, 146.48461111111112]"
324389544090109.jpg,"[14, 15, 31]",48.61,"[244, 187, 18]",3.21,"[37, 43, 95]",33.08,3152,"[55.725233333333335, 52.48608888888889, 71.8959111111111]"
3182453251891996.jpg,"[4, 27, 71]",38.59,"[247, 187, 19]",9.31,"[220, 209, 209]",7.64,4082,"[71.8887111111111, 75.22922222222222, 94.20512222222223]"
319211424546780.jpg,"[13, 14, 33]",42.16,"[154, 102, 103]",15.83,"[234, 231, 233]",7.49,3211,"[69.81041111111111, 54.473077777777775, 78.98837777777777]"
331561469951149.jpg,"[253, 253, 252]",18.58,"[211, 28, 41]",41.35,"[228, 159, 158]",2.36,1875,"[211.661, 68.96814444444445, 77.01907777777778]"
337403602788475.jpg,"[216, 212, 236]",22.21,"[23, 33, 58]",22.36,"[245, 186, 26]",8.29,4806,"[123.33383333333333, 123.49634444444445, 150.41825555555556]"
349248024949682.jpg,"[235, 237, 241]",27.29,"[29, 39, 78]",37.37,"[98, 105, 145]",13.87,3788,"[130.09803333333332, 122.35132222222222, 146.48461111111112]"
342782952158720.jpg,"[66, 80, 132]",23.48,"[18, 27, 74]",39.21,"[241, 236, 235]",9.24,4100,"[82.21472222222222, 72.01101111111112, 106.00638888888889]"
351214324725983.jpg,"[199, 163, 176]",14.12,"[24, 8, 28]",38.76,"[243, 231, 232]",15.17,4766,"[111.67243333333333, 85.51513333333334, 104.55555555555556]"
358510887327671.jpg,"[56, 73, 157]",62.77,"[233, 233, 229]",12.31,"[32, 30, 32]",15.89,1675,"[85.0644, 87.88562222222222, 141.72843333333333]"
3584527225170485.jpg,"[239, 241, 244]",55.08,"[206, 41, 51]",10.36,"[37, 46, 87]",7.21,2906,"[205.0295888888889, 188.80483333333333, 195.71983333333333]"
356709497495741.jpg,"[159, 151, 131]",17.47,"[29, 37, 18]",22.37,"[252, 251, 251]",16.08,4444,"[142.28273333333334, 150.6211111111111, 127.62626666666667]"
3626433274240597.jpg,"[22, 27, 40]",24.2,"[152, 148, 147]",18.88,"[245, 244, 244]",14.67,4754,"[106.94688888888889, 102.38074444444445, 106.52635555555555]"
364632576695668.jpg,"[211, 28, 41]",41.35,"[253, 253, 252]",18.58,"[188, 12, 20]",36.01,1875,"[211.661, 68.96814444444445, 77.01907777777778]"
3645840542349894.jpg,"[32, 43, 104]",33.82,"[228, 217, 216]",11.12,"[89, 107, 155]",20.78,4636,"[72.03007777777778, 73.16376666666666, 110.96323333333333]"
3675577982708764.jpg,"[68, 75, 123]",27.51,"[245, 245, 246]",5.93,"[142, 132, 142]",17.17,4941,"[99.13972222222222, 88.18348888888889, 104.22753333333333]"
368537596297150.jpg,"[174, 130, 138]",11.25,"[18, 13, 24]",37.26,"[247, 243, 244]",18.82,4327,"[94.84568888888889, 84.67865555555555, 99.1339]"
3690862731224896.jpg,"[118, 41, 54]",19.95,"[241, 236, 235]",9.26,"[66, 80, 132]",23.47,4100,"[82.21472222222222, 72.01101111111112, 106.00638888888889]"
3697845447210650.jpg,"[12, 19, 38]",27.33,"[212, 237, 246]",33.95,"[197, 157, 148]",7.6,4505,"[112.764, 124.2577, 139.97756666666666]"
3714002208743162.jpg,"[21, 57, 112]",10.88,"[248, 245, 246]",21.65,"[22, 12, 24]",37.18,4096,"[102.86152222222222, 90.02461111111111, 104.89192222222222]"
371869519100018.jpg,"[47, 58, 85]",18.35,"[212, 237, 246]",33.95,"[106, 122, 146]",12.78,4505,"[112.764, 124.2577, 139.97756666666666]"
372767155874082.jpg,"[244, 186, 21]",9.08,"[27, 74, 163]",37.54,"[110, 130, 212]",22.86,4585,"[85.28783333333334, 104.01187777777778, 151.47586666666666]"
373118959135783.jpg,"[185, 149, 120]",12.08,"[20, 29, 53]",35.67,"[53, 156, 244]",21.89,4558,"[87.90795555555556, 106.83066666666667, 129.51907777777777]"
3732790683608053.jpg,"[15, 38, 86]",19.99,"[239, 247, 252]",43.0,"[195, 137, 85]",3.12,2391,"[133.87187777777777, 146.0102222222222, 175.9323777777778]"
3734396046876744.jpg,"[23, 29, 48]",29.52,"[148, 174, 202]",20.87,"[68, 80, 90]",24.93,4668,"[101.65193333333333, 109.15165555555555, 121.5282888888889]"
3737094573208040.jpg,"[42, 55, 117]",54.43,"[245, 244, 242]",9.9,"[189, 160, 134]",12.8,3128,"[87.23506666666667, 84.04966666666667, 115.42553333333333]"
374184505726213.jpg,"[193, 6, 25]",3.5,"[185, 182, 180]",22.77,"[243, 242, 243]",30.03,3761,"[148.20925555555556, 138.12627777777777, 149.32396666666668]"
3758616754396609.jpg,"[185, 180, 191]",14.37,"[99, 105, 145]",14.02,"[29, 39, 78]",37.41,3788,"[130.09803333333332, 122.35132222222222, 146.48461111111112]"
3770828616466021.jpg,"[240, 241, 244]",54.45,"[155, 147, 151]",13.09,"[37, 45, 83]",6.49,2824,"[206.47003333333333, 187.61922222222222, 194.17626666666666]"
3770614776487528.jpg,"[22, 30, 79]",54.66,"[242, 240, 242]",7.16,"[151, 65, 66]",5.68,4123,"[68.83987777777777, 69.58137777777777, 111.16184444444444]"
378511278640622.jpg,"[246, 252, 235]",42.75,"[48, 128, 115]",17.74,"[178, 7, 15]",17.46,3586,"[166.65307777777778, 157.49658888888888, 146.29628888888888]"
3802425106710145.jpg,"[33, 32, 81]",54.87,"[244, 243, 244]",8.45,"[71, 82, 131]",24.08,3845,"[78.15212222222222, 73.99415555555555, 113.2167]"
380278398243452.jpg,"[25, 17, 33]",33.31,"[206, 155, 167]",12.87,"[151, 72, 99]",16.38,4734,"[113.47002222222223, 91.98901111111111, 112.07176666666666]"
381884908081787.jpg,"[183, 179, 190]",14.22,"[29, 39, 78]",37.38,"[235, 237, 241]",27.24,3788,"[130.09803333333332, 122.35132222222222, 146.48461111111112]"
380363791568686.jpg,"[174, 130, 138]",11.25,"[23, 56, 106]",12.23,"[247, 243, 244]",18.82,4327,"[94.84568888888889, 84.67865555555555, 99.1339]"
3849983828553434.jpg,"[130, 111, 121]",6.9,"[157, 186, 231]",40.75,"[39, 25, 53]",29.28,2938,"[136.9081888888889, 114.90304444444445, 143.4199111111111]"
3868501603469388.jpg,"[41, 56, 108]",35.08,"[247, 187, 19]",9.31,"[220, 209, 208]",7.65,4082,"[71.8887111111111, 75.22922222222222, 94.20512222222223]"
3877588245819352.jpg,"[74, 85, 140]",27.93,"[243, 242, 244]",9.04,"[19, 24, 52]",28.36,4427,"[75.8792888888889, 78.10466666666666, 110.6891]"
3877358089162172.jpg,"[254, 49, 50]",63.74,"[31, 30, 30]",14.32,"[235, 234, 228]",12.26,1571,"[207.43262222222222, 75.16793333333334, 78.1502888888889]"
387861777668767.jpg,"[211, 28, 41]",41.91,"[253, 253, 252]",18.58,"[228, 159, 158]",2.38,1875,"[211.661, 68.96814444444445, 77.01907777777778]"
391800767287276.jpg,"[249, 244, 237]",63.01,"[31, 27, 42]",15.94,"[166, 91, 101]",6.76,1955,"[201.59516666666667, 176.38253333333333, 176.8850888888889]"
400937982611607.jpg,"[182, 132, 95]",25.35,"[18, 21, 29]",29.87,"[242, 239, 240]",10.81,4706,"[105.37994444444445, 89.91367777777778, 83.59562222222222]"
3982840655326371.jpg,"[197, 198, 204]",14.45,"[239, 241, 244]",57.97,"[207, 36, 48]",13.32,2963,"[210.62564444444445, 186.9060111111111, 193.82125555555555]"
389960410539764.jpg,"[155, 103, 104]",15.83,"[13, 14, 33]",42.16,"[207, 27, 45]",5.06,3211,"[69.81041111111111, 54.473077777777775, 78.98837777777777]"
4011813245733183.jpg,"[33, 32, 81]",54.86,"[244, 243, 245]",8.4,"[154, 65, 65]",5.41,3845,"[78.15212222222222, 73.99415555555555, 113.2167]"
404716055557021.jpg,"[232, 28, 38]",41.5,"[55, 74, 152]",15.95,"[232, 232, 239]",7.36,2877,"[145.4447111111111, 55.946044444444446, 80.69433333333333]"
404868652169991.jpg,"[14, 15, 31]",48.61,"[153, 108, 108]",8.95,"[37, 43, 95]",33.09,3152,"[55.725233333333335, 52.48608888888889, 71.8959111111111]"
407154395286294.jpg,"[243, 242, 242]",30.29,"[193, 6, 25]",3.5,"[94, 93, 125]",23.07,3761,"[148.20925555555556, 138.12627777777777, 149.32396666666668]"
4095462177367329.jpg,"[118, 86, 116]",30.36,"[243, 241, 243]",7.17,"[19, 21, 49]",25.46,4911,"[87.94512222222222, 77.14737777777778, 104.03927777777778]"
410435365401486.jpg,"[30, 41, 85]",20.55,"[213, 206, 219]",9.99,"[27, 74, 163]",37.52,4585,"[85.28783333333334, 104.01187777777778, 151.47586666666666]"
412156044875276.jpg,"[239, 241, 244]",57.97,"[207, 36, 48]",13.32,"[197, 198, 204]",14.46,2963,"[210.62564444444445, 186.9060111111111, 193.82125555555555]"
412726784793802.jpg,"[181, 171, 165]",25.54,"[9, 8, 33]",27.91,"[143, 99, 100]",7.5,3156,"[121.79215555555555, 111.04205555555555, 118.38555555555556]"
419009693998702.jpg,"[67, 79, 134]",25.33,"[242, 240, 241]",7.22,"[22, 30, 80]",54.75,4123,"[68.83987777777777, 69.58137777777777, 111.16184444444444]"
420475814380423.jpg,"[75, 50, 43]",19.42,"[252, 252, 252]",16.87,"[9, 5, 23]",49.0,3352,"[80.08327777777778, 71.68727777777778, 77.7026]"
421498887008960.jpg,"[9, 9, 22]",38.32,"[247, 192, 13]",6.2,"[235, 232, 233]",6.4,3103,"[66.66558888888889, 59.21858888888889, 70.07277777777777]"
419978200628012.jpg,"[25, 8, 28]",39.04,"[150, 104, 125]",15.67,"[243, 231, 232]",14.88,4766,"[111.67243333333333, 85.51513333333334, 104.55555555555556]"
424114543366362.jpg,"[213, 32, 46]",10.25,"[18, 18, 20]",58.46,"[247, 244, 243]",7.93,2457,"[87.12406666666666, 62.01105555555556, 62.889633333333336]"
424705550184250.jpg,"[239, 241, 244]",55.29,"[206, 38, 49]",11.23,"[151, 141, 145]",12.67,2892,"[205.86062222222222, 187.43786666666668, 193.9822888888889]"
432766805962232.jpg,"[31, 43, 87]",29.45,"[220, 217, 239]",24.58,"[152, 153, 208]",20.68,4923,"[122.13978888888889, 124.75614444444444, 161.74337777777777]"
433760875801128.jpg,"[3, 25, 68]",39.12,"[144, 105, 113]",8.64,"[241, 146, 74]",12.43,3964,"[71.7589, 69.44847777777778, 94.31676666666667]"
434365219659774.jpg,"[222, 226, 228]",33.85,"[46, 62, 95]",21.68,"[111, 133, 159]",17.56,4412,"[116.82641111111111, 123.90804444444444, 140.4763888888889]"
439261082481645.jpg,"[68, 75, 123]",27.17,"[246, 245, 246]",5.92,"[47, 36, 42]",21.92,4941,"[99.13972222222222, 88.18348888888889, 104.22753333333333]"
450197661388763.jpg,"[239, 241, 244]",55.42,"[151, 141, 145]",12.63,"[36, 45, 82]",6.44,2892,"[205.86062222222222, 187.43786666666668, 193.9822888888889]"
440281328968986.jpg,"[213, 71, 51]",7.62,"[48, 6, 216]",62.61,"[64, 59, 70]",8.75,2464,"[70.63454444444444, 32.98041111111111, 166.79715555555555]"
450544591357693.jpg,"[116, 103, 74]",21.47,"[30, 32, 37]",44.78,"[192, 167, 128]",14.31,4484,"[113.55027777777778, 102.62725555555555, 77.13415555555555]"
453473417011403.jpg,"[186, 164, 171]",14.0,"[38, 37, 65]",32.81,"[243, 244, 247]",7.08,4733,"[105.04301111111111, 96.69113333333334, 120.23864444444445]"
459938440346315.jpg,"[110, 130, 212]",22.85,"[31, 41, 85]",20.65,"[244, 186, 21]",9.07,4585,"[85.28783333333334, 104.01187777777778, 151.47586666666666]"
454317064280256.jpg,"[58, 76, 135]",6.88,"[233, 244, 252]",38.89,"[205, 32, 47]",10.69,2758,"[138.9720888888889, 132.35972222222222, 162.0828]"
463737063168410.jpg,"[89, 107, 155]",20.77,"[32, 43, 104]",33.81,"[228, 217, 216]",11.11,4636,"[72.03007777777778, 73.16376666666666, 110.96323333333333]"
464306533082606.jpg,"[53, 156, 244]",21.89,"[20, 29, 53]",35.68,"[185, 149, 120]",12.09,4558,"[87.90795555555556, 106.83066666666667, 129.51907777777777]"
465981949608732.jpg,"[32, 43, 104]",33.8,"[228, 217, 216]",11.12,"[89, 107, 155]",20.77,4636,"[72.03007777777778, 73.16376666666666, 110.96323333333333]"
466892459499787.jpg,"[197, 157, 148]",7.6,"[12, 19, 38]",27.34,"[106, 122, 146]",12.76,4505,"[112.764, 124.2577, 139.97756666666666]"
467737866171047.jpg,"[48, 53, 66]",19.51,"[182, 131, 94]",26.15,"[242, 239, 239]",10.85,4706,"[105.37994444444445, 89.91367777777778, 83.59562222222222]"
467827469410121.jpg,"[25, 17, 33]",33.28,"[248, 244, 246]",17.48,"[50, 56, 97]",20.15,4734,"[113.47002222222223, 91.98901111111111, 112.07176666666666]"
468610902811222.jpg,"[14, 16, 31]",48.73,"[244, 187, 18]",3.21,"[237, 237, 239]",6.17,3152,"[55.725233333333335, 52.48608888888889, 71.8959111111111]"
468764782637626.jpg,"[18, 21, 29]",29.41,"[182, 131, 94]",25.74,"[242, 239, 239]",10.83,4706,"[105.37994444444445, 89.91367777777778, 83.59562222222222]"
470568839217452.jpg,"[167, 201, 229]",24.96,"[19, 15, 30]",22.01,"[47, 53, 98]",30.97,3513,"[98.22892222222222, 104.75105555555555, 133.09147777777778]"
473580178884564.jpg,"[67, 79, 134]",25.43,"[187, 167, 170]",7.07,"[22, 30, 79]",54.66,4123,"[68.83987777777777, 69.58137777777777, 111.16184444444444]"
474167862094010.jpg,"[48, 57, 100]",19.13,"[248, 244, 246]",17.42,"[207, 156, 168]",12.86,4734,"[113.47002222222223, 91.98901111111111, 112.07176666666666]"
473717302252862.jpg,"[228, 217, 216]",11.12,"[32, 43, 104]",33.8,"[89, 107, 155]",20.76,4636,"[72.03007777777778, 73.16376666666666, 110.96323333333333]"
474610935431398.jpg,"[20, 26, 54]",23.83,"[98, 123, 169]",26.47,"[237, 228, 226]",11.98,4558,"[85.60152222222223, 91.20694444444445, 122.95528888888889]"
479152651616366.jpg,"[201, 202, 208]",14.35,"[207, 39, 50]",11.61,"[37, 45, 83]",6.49,2824,"[206.47003333333333, 187.61922222222222, 194.17626666666666]"
474356868838307.jpg,"[22, 12, 24]",37.28,"[248, 245, 247]",21.6,"[100, 60, 76]",19.31,4096,"[102.86152222222222, 90.02461111111111, 104.89192222222222]"
480089774845344.jpg,"[247, 189, 16]",5.12,"[37, 43, 94]",31.56,"[153, 108, 105]",9.22,3218,"[60.4553, 55.74232222222222, 70.06334444444444]"
481456624834852.jpg,"[212, 237, 246]",33.95,"[12, 19, 38]",27.33,"[106, 122, 146]",12.77,4505,"[112.764, 124.2577, 139.97756666666666]"
481479841377270.jpg,"[253, 253, 253]",16.56,"[127, 93, 93]",20.25,"[48, 23, 38]",30.29,4136,"[137.03613333333334, 131.7292888888889, 140.6981888888889]"
481962561236266.jpg,"[49, 62, 104]",31.48,"[237, 227, 225]",12.02,"[98, 123, 169]",26.54,4558,"[85.60152222222223, 91.20694444444445, 122.95528888888889]"
482039407934917.jpg,"[149, 149, 163]",7.66,"[19, 13, 9]",52.31,"[247, 192, 8]",11.34,3227,"[89.09791111111112, 79.49816666666666, 62.54518888888889]"
482985577827441.jpg,"[12, 21, 33]",12.75,"[236, 28, 38]",49.79,"[249, 248, 250]",20.33,2029,"[186.75338888888888, 84.96781111111112, 96.94895555555556]"
483922257787721.jpg,"[249, 248, 250]",20.32,"[236, 28, 38]",49.79,"[12, 21, 33]",12.75,2029,"[186.75338888888888, 84.96781111111112, 96.94895555555556]"
484185661163522.jpg,"[191, 150, 141]",5.8,"[19, 24, 52]",28.36,"[243, 242, 244]",9.06,4427,"[75.8792888888889, 78.10466666666666, 110.6891]"
484896581121817.jpg,"[181, 201, 195]",14.42,"[55, 39, 26]",10.67,"[253, 254, 236]",53.29,2697,"[201.0999111111111, 195.56972222222223, 173.67915555555555]"
485447940929060.jpg,"[2, 11, 38]",45.69,"[227, 213, 205]",5.95,"[210, 31, 46]",9.3,3463,"[59.062733333333334, 48.13863333333333, 80.20456666666666]"
487556390822710.jpg,"[205, 197, 190]",26.8,"[9, 8, 33]",27.91,"[143, 99, 100]",7.5,3156,"[121.79215555555555, 111.04205555555555, 118.38555555555556]"
485409424470910.jpg,"[243, 236, 241]",7.92,"[8, 7, 11]",61.64,"[157, 107, 103]",8.43,2807,"[50.27384444444444, 37.76718888888889, 49.43107777777778]"
487568577495470.jpg,"[2, 2, 3]",31.11,"[39, 107, 177]",50.9,"[243, 243, 243]",10.44,1023,"[56.95642222222222, 86.05657777777778, 122.40441111111112]"
490555167088426.jpg,"[112, 133, 160]",17.53,"[11, 19, 45]",22.3,"[222, 226, 228]",33.81,4412,"[116.82641111111111, 123.90804444444444, 140.4763888888889]"
491079466843693.jpg,"[242, 241, 242]",12.48,"[21, 30, 53]",36.04,"[53, 156, 244]",21.9,4558,"[87.90795555555556, 106.83066666666667, 129.51907777777777]"
491269377069372.jpg,"[17, 20, 49]",21.25,"[194, 173, 174]",7.14,"[118, 89, 114]",31.38,4918,"[93.41871111111111, 83.528, 111.38678888888889]"
491459276969598.jpg,"[236, 28, 38]",49.79,"[249, 248, 250]",20.32,"[12, 21, 33]",12.75,2029,"[186.75338888888888, 84.96781111111112, 96.94895555555556]"
491959193639371.jpg,"[16, 19, 59]",29.77,"[237, 228, 226]",12.25,"[109, 118, 160]",23.33,3648,"[81.18397777777778, 79.45135555555555, 115.62128888888888]"
492743076842257.jpg,"[158, 199, 171]",12.16,"[20, 11, 13]",9.86,"[246, 252, 235]",42.81,3586,"[166.65307777777778, 157.49658888888888, 146.29628888888888]"
493269590318691.jpg,"[11, 4, 5]",46.6,"[250, 249, 249]",18.79,"[79, 78, 81]",13.87,2864,"[94.71111111111111, 75.60625555555555, 77.26578888888889]"
493749990074032.jpg,"[57, 76, 158]",41.67,"[224, 30, 41]",15.68,"[227, 228, 227]",7.45,2976,"[97.88573333333333, 68.736, 113.01998888888889]"
494577693188626.jpg,"[224, 30, 41]",15.68,"[57, 76, 158]",41.67,"[227, 228, 227]",7.43,2976,"[97.88573333333333, 68.736, 113.01998888888889]"
495409656713072.jpg,"[137, 71, 59]",7.55,"[16, 22, 68]",46.12,"[239, 230, 227]",9.99,4181,"[67.62605555555555, 67.68737777777778, 105.82073333333334]"
496267696615335.jpg,"[239, 241, 244]",57.97,"[207, 36, 48]",13.32,"[38, 45, 79]",6.7,2963,"[210.62564444444445, 186.9060111111111, 193.82125555555555]"
496385859698840.jpg,"[109, 99, 125]",19.66,"[142, 159, 190]",33.06,"[241, 232, 230]",5.7,4765,"[108.07497777777778, 115.48806666666667, 141.3889]"
496542316460433.jpg,"[98, 105, 145]",13.9,"[235, 237, 241]",27.21,"[29, 39, 78]",37.38,3788,"[130.09803333333332, 122.35132222222222, 146.48461111111112]"
496662739787047.jpg,"[2, 11, 38]",45.69,"[210, 31, 46]",9.3,"[126, 103, 113]",11.37,3463,"[59.062733333333334, 48.13863333333333, 80.20456666666666]"
496681496306220.jpg,"[24, 8, 28]",38.79,"[201, 165, 178]",13.95,"[150, 104, 125]",15.91,4766,"[111.67243333333333, 85.51513333333334, 104.55555555555556]"
498429623056998.jpg,"[199, 198, 204]",14.26,"[151, 141, 145]",12.63,"[206, 38, 49]",11.24,2892,"[205.86062222222222, 187.43786666666668, 193.9822888888889]"
497141493082210.jpg,"[38, 50, 111]",24.92,"[238, 229, 227]",10.06,"[137, 71, 59]",7.55,4181,"[67.62605555555555, 67.68737777777778, 105.82073333333334]"
498628302887836.jpg,"[112, 100, 125]",19.53,"[35, 56, 107]",36.45,"[241, 232, 230]",5.71,4765,"[108.07497777777778, 115.48806666666667, 141.3889]"
498871589441353.jpg,"[35, 41, 90]",36.28,"[154, 105, 102]",12.82,"[235, 232, 234]",6.39,3103,"[66.66558888888889, 59.21858888888889, 70.07277777777777]"
500021252958309.jpg,"[19, 26, 81]",58.88,"[184, 164, 168]",7.0,"[134, 64, 65]",7.73,3843,"[63.39381111111111, 63.94151111111111, 107.64971111111112]"
500080626320314.jpg,"[131, 127, 153]",27.68,"[40, 49, 86]",48.28,"[244, 246, 248]",7.04,4128,"[101.24457777777778, 97.57165555555555, 122.94571111111111]"
500753769408324.jpg,"[37, 42, 93]",32.21,"[156, 106, 107]",10.31,"[210, 31, 46]",9.14,3025,"[67.38254444444445, 47.65582222222222, 71.14528888888889]"
500573306311099.jpg,"[26, 35, 82]",50.28,"[191, 164, 162]",8.52,"[71, 84, 137]",32.86,4023,"[72.5143, 75.67717777777777, 117.20853333333334]"
501001969484772.jpg,"[29, 27, 34]",33.4,"[130, 118, 120]",24.07,"[238, 220, 215]",10.61,4880,"[93.55987777777777, 81.12471111111111, 82.91478888888889]"
501627062665974.jpg,"[199, 198, 204]",14.26,"[36, 45, 82]",6.44,"[239, 241, 244]",55.42,2892,"[205.86062222222222, 187.43786666666668, 193.9822888888889]"
501094989402659.jpg,"[18, 22, 52]",27.25,"[240, 232, 231]",9.33,"[28, 39, 105]",49.5,4155,"[61.55918888888889, 62.2011, 103.94875555555555]"
501576275826744.jpg,"[16, 22, 68]",46.1,"[137, 71, 59]",7.55,"[132, 134, 162]",12.24,4181,"[67.62605555555555, 67.68737777777778, 105.82073333333334]"
502908778812317.jpg,"[20, 22, 53]",26.42,"[228, 217, 216]",11.12,"[89, 107, 155]",20.77,4636,"[72.03007777777778, 73.16376666666666, 110.96323333333333]"
503282622650234.jpg,"[98, 104, 145]",13.86,"[235, 237, 241]",27.3,"[207, 41, 56]",7.26,3788,"[130.09803333333332, 122.35132222222222, 146.48461111111112]"
503404289311622.jpg,"[198, 160, 153]",6.63,"[63, 75, 138]",48.76,"[21, 22, 44]",30.56,3672,"[78.37461111111111, 76.9306, 113.14923333333333]"
504027735892791.jpg,"[36, 25, 47]",19.45,"[243, 236, 241]",7.93,"[178, 19, 173]",2.95,2807,"[50.27384444444444, 37.76718888888889, 49.43107777777778]"
504820102091350.jpg,"[50, 54, 68]",19.72,"[182, 132, 95]",25.29,"[242, 239, 240]",10.8,4706,"[105.37994444444445, 89.91367777777778, 83.59562222222222]"
507426178649645.jpg,"[9, 9, 22]",38.31,"[154, 105, 102]",12.83,"[35, 41, 90]",36.28,3103,"[66.66558888888889, 59.21858888888889, 70.07277777777777]"
510585161713458.jpg,"[239, 241, 244]",55.01,"[206, 39, 49]",11.24,"[37, 45, 82]",6.46,2892,"[205.86062222222222, 187.43786666666668, 193.9822888888889]"
511406708094377.jpg,"[224, 30, 41]",15.68,"[57, 76, 158]",41.67,"[227, 228, 227]",7.45,2976,"[97.88573333333333, 68.736, 113.01998888888889]"
511419631285173.jpg,"[244, 187, 18]",3.21,"[14, 16, 31]",48.74,"[153, 108, 109]",8.94,3152,"[55.725233333333335, 52.48608888888889, 71.8959111111111]"
510600455253822.jpg,"[30, 32, 37]",44.77,"[243, 235, 221]",11.18,"[248, 189, 15]",8.29,4484,"[113.55027777777778, 102.62725555555555, 77.13415555555555]"
512154444540129.jpg,"[75, 88, 141]",37.01,"[245, 246, 248]",9.29,"[36, 34, 76]",43.31,3768,"[87.04918888888889, 85.19205555555556, 123.20456666666666]"
512745307957591.jpg,"[53, 156, 244]",21.9,"[90, 76, 67]",17.65,"[242, 241, 242]",12.46,4558,"[87.90795555555556, 106.83066666666667, 129.51907777777777]"
513424944585330.jpg,"[20, 26, 54]",23.81,"[98, 123, 169]",26.48,"[237, 228, 226]",11.99,4558,"[85.60152222222223, 91.20694444444445, 122.95528888888889]"
514332224536922.jpg,"[36, 34, 76]",43.31,"[75, 88, 141]",37.01,"[194, 167, 164]",8.41,3768,"[87.04918888888889, 85.19205555555556, 123.20456666666666]"
513900968027156.jpg,"[70, 88, 123]",37.1,"[20, 26, 62]",35.88,"[247, 189, 16]",5.95,4524,"[85.00457777777778, 89.57346666666666, 105.88663333333334]"
514470131435738.jpg,"[244, 242, 242]",12.65,"[41, 52, 90]",34.97,"[140, 175, 180]",16.94,4729,"[111.65698888888889, 115.4669, 124.7638]"
516425197557215.jpg,"[9, 9, 22]",38.31,"[234, 232, 233]",6.4,"[35, 41, 90]",36.26,3103,"[66.66558888888889, 59.21858888888889, 70.07277777777777]"
516589710853420.jpg,"[9, 9, 22]",38.31,"[234, 232, 233]",6.4,"[35, 41, 90]",36.26,3103,"[66.66558888888889, 59.21858888888889, 70.07277777777777]"
516624697716304.jpg,"[182, 131, 94]",26.22,"[48, 52, 66]",19.53,"[242, 239, 239]",10.85,4706,"[105.37994444444445, 89.91367777777778, 83.59562222222222]"
518510350764872.jpg,"[151, 142, 146]",12.83,"[239, 241, 244]",55.01,"[206, 39, 49]",11.24,2892,"[205.86062222222222, 187.43786666666668, 193.9822888888889]"
518664640571685.jpg,"[197, 157, 148]",7.58,"[48, 58, 85]",18.33,"[12, 19, 38]",27.41,4505,"[112.764, 124.2577, 139.97756666666666]"
518719930516897.jpg,"[206, 155, 167]",12.87,"[25, 17, 33]",33.29,"[248, 244, 246]",17.52,4734,"[113.47002222222223, 91.98901111111111, 112.07176666666666]"
518911920748194.jpg,"[22, 40, 91]",24.93,"[233, 244, 251]",39.06,"[40, 59, 122]",16.76,2758,"[138.9720888888889, 132.35972222222222, 162.0828]"
519521693766444.jpg,"[35, 39, 75]",40.19,"[152, 71, 70]",6.29,"[246, 247, 248]",6.96,3827,"[93.34751111111112, 93.24614444444444, 126.76213333333334]"
521148673719008.jpg,"[158, 133, 51]",26.59,"[250, 248, 242]",21.87,"[45, 116, 148]",14.35,4561,"[148.4251111111111, 149.0671111111111, 122.87116666666667]"
521794700503517.jpg,"[196, 158, 151]",6.61,"[63, 75, 138]",48.74,"[20, 22, 44]",30.53,3672,"[78.37461111111111, 76.9306, 113.14923333333333]"
522113243732275.jpg,"[251, 249, 247]",16.25,"[113, 92, 34]",20.05,"[230, 177, 110]",12.18,4737,"[153.06457777777777, 120.56398888888889, 72.43704444444444]"
522116667155047.jpg,"[112, 80, 79]",27.86,"[245, 245, 246]",5.93,"[46, 35, 42]",21.63,4941,"[99.13972222222222, 88.18348888888889, 104.22753333333333]"
522118093515579.jpg,"[35, 41, 90]",36.28,"[154, 105, 102]",12.82,"[247, 192, 13]",6.2,3103,"[66.66558888888889, 59.21858888888889, 70.07277777777777]"
522364480207194.jpg,"[253, 254, 236]",53.29,"[56, 39, 26]",10.73,"[121, 139, 134]",7.17,2697,"[201.0999111111111, 195.56972222222223, 173.67915555555555]"
522647463496669.jpg,"[14, 15, 31]",48.61,"[238, 237, 239]",6.15,"[153, 108, 108]",8.95,3152,"[55.725233333333335, 52.48608888888889, 71.8959111111111]"
522465916859444.jpg,"[22, 30, 79]",54.64,"[242, 240, 241]",7.25,"[67, 79, 134]",25.41,4123,"[68.83987777777777, 69.58137777777777, 111.16184444444444]"
524017363366135.jpg,"[23, 33, 58]",22.37,"[245, 185, 26]",8.31,"[216, 213, 236]",22.14,4806,"[123.33383333333333, 123.49634444444445, 150.41825555555556]"
524356163787294.jpg,"[42, 55, 117]",54.41,"[245, 244, 242]",9.91,"[189, 160, 134]",12.88,3128,"[87.23506666666667, 84.04966666666667, 115.42553333333333]"
526705799754945.jpg,"[39, 24, 52]",28.63,"[158, 125, 128]",6.58,"[224, 30, 41]",15.68,2976,"[97.88573333333333, 68.736, 113.01998888888889]"
526985140285784.jpg,"[146, 72, 68]",6.72,"[63, 75, 138]",48.75,"[248, 238, 236]",7.38,3672,"[78.37461111111111, 76.9306, 113.14923333333333]"
526887569785485.jpg,"[90, 107, 155]",20.79,"[228, 217, 215]",11.12,"[20, 22, 53]",26.34,4636,"[72.03007777777778, 73.16376666666666, 110.96323333333333]"
527395873272987.jpg,"[239, 241, 244]",55.07,"[37, 46, 87]",7.21,"[155, 147, 151]",13.05,2906,"[205.0295888888889, 188.80483333333333, 195.71983333333333]"
528556699871363.jpg,"[160, 74, 65]",7.42,"[42, 55, 117]",54.43,"[245, 244, 242]",9.9,3128,"[87.23506666666667, 84.04966666666667, 115.42553333333333]"
529368666312654.jpg,"[20, 42, 103]",25.51,"[254, 254, 254]",65.84,"[194, 192, 206]",3.31,973,"[187.27386666666666, 189.57181111111112, 206.79166666666666]"
529205106218030.jpg,"[185, 183, 180]",22.79,"[20, 7, 26]",20.54,"[243, 242, 243]",30.01,3761,"[148.20925555555556, 138.12627777777777, 149.32396666666668]"
528579666421064.jpg,"[32, 43, 104]",33.8,"[228, 217, 215]",11.12,"[90, 107, 155]",20.79,4636,"[72.03007777777778, 73.16376666666666, 110.96323333333333]"
530368132863595.jpg,"[217, 214, 237]",17.22,"[62, 77, 145]",25.18,"[136, 138, 194]",24.44,4703,"[114.76397777777778, 116.13407777777778, 146.2048111111111]"
532351562536738.jpg,"[214, 172, 125]",24.98,"[34, 42, 73]",23.49,"[236, 237, 240]",7.53,4616,"[113.29658888888889, 96.9897, 89.3792111111111]"
533287785844161.jpg,"[118, 86, 115]",30.4,"[19, 21, 49]",25.45,"[243, 242, 244]",7.1,4911,"[87.94512222222222, 77.14737777777778, 104.03927777777778]"
535110899010135.jpg,"[158, 124, 128]",6.58,"[57, 76, 158]",41.67,"[227, 228, 227]",7.45,2976,"[97.88573333333333, 68.736, 113.01998888888889]"
535773515689054.jpg,"[89, 107, 155]",20.78,"[20, 22, 53]",26.36,"[228, 217, 216]",11.11,4636,"[72.03007777777778, 73.16376666666666, 110.96323333333333]"
537409945293644.jpg,"[57, 76, 158]",41.67,"[224, 30, 41]",15.68,"[227, 228, 227]",7.45,2976,"[97.88573333333333, 68.736, 113.01998888888889]"
535682328853303.jpg,"[244, 186, 24]",8.69,"[28, 39, 77]",24.42,"[135, 137, 193]",24.44,4703,"[114.76397777777778, 116.13407777777778, 146.2048111111111]"
539093695134599.jpg,"[245, 186, 26]",8.29,"[61, 76, 144]",21.71,"[216, 213, 236]",22.11,4806,"[123.33383333333333, 123.49634444444445, 150.41825555555556]"
539329881937074.jpg,"[20, 42, 103]",25.51,"[254, 254, 254]",65.73,"[120, 127, 153]",3.44,973,"[187.27386666666666, 189.57181111111112, 206.79166666666666]"
539150198761738.jpg,"[77, 65, 62]",29.95,"[238, 220, 215]",10.62,"[29, 27, 34]",33.4,4880,"[93.55987777777777, 81.12471111111111, 82.91478888888889]"
539658195191649.jpg,"[195, 201, 211]",21.78,"[22, 31, 51]",32.95,"[166, 123, 88]",12.77,4778,"[111.56877777777778, 108.43843333333334, 107.89392222222222]"
540125041894972.jpg,"[33, 32, 81]",54.88,"[244, 243, 245]",8.4,"[71, 82, 131]",24.07,3845,"[78.15212222222222, 73.99415555555555, 113.2167]"
540534281886102.jpg,"[32, 56, 99]",36.21,"[104, 111, 131]",19.11,"[247, 188, 19]",12.73,4458,"[91.82924444444444, 95.83155555555555, 88.9085]"
540612928404757.jpg,"[36, 56, 119]",27.74,"[127, 103, 113]",11.38,"[227, 213, 205]",5.9,3463,"[59.062733333333334, 48.13863333333333, 80.20456666666666]"
540684644980684.jpg,"[239, 89, 37]",69.11,"[28, 15, 11]",7.09,"[33, 88, 193]",10.35,1694,"[195.97764444444445, 96.75853333333333, 71.21752222222223]"
540917808588917.jpg,"[33, 32, 81]",54.88,"[189, 168, 170]",7.22,"[71, 82, 131]",24.08,3845,"[78.15212222222222, 73.99415555555555, 113.2167]"
541157488436115.jpg,"[161, 171, 205]",7.08,"[37, 57, 122]",26.63,"[239, 247, 252]",43.0,2391,"[133.87187777777777, 146.0102222222222, 175.9323777777778]"
543708651361794.jpg,"[247, 243, 238]",23.39,"[121, 69, 65]",16.17,"[184, 187, 191]",35.62,4265,"[179.67584444444444, 150.61555555555555, 144.62305555555557]"
546472181285213.jpg,"[141, 72, 64]",7.87,"[38, 46, 102]",26.78,"[237, 228, 226]",12.26,3648,"[81.18397777777778, 79.45135555555555, 115.62128888888888]"
544250251365502.jpg,"[84, 50, 87]",16.5,"[201, 164, 177]",13.92,"[25, 8, 28]",38.99,4766,"[111.67243333333333, 85.51513333333334, 104.55555555555556]"
549446804094989.jpg,"[152, 148, 147]",18.89,"[128, 91, 85]",15.98,"[245, 244, 244]",14.67,4754,"[106.94688888888889, 102.38074444444445, 106.52635555555555]"
551282014227382.jpg,"[152, 148, 147]",18.89,"[22, 27, 40]",24.04,"[245, 244, 244]",14.67,4754,"[106.94688888888889, 102.38074444444445, 106.52635555555555]"
551376450935659.jpg,"[81, 75, 84]",40.94,"[226, 197, 190]",7.48,"[28, 26, 33]",28.02,4860,"[97.72862222222223, 85.88421111111111, 86.85656666666667]"
553237160595488.jpg,"[92, 89, 81]",23.97,"[179, 135, 110]",11.52,"[139, 175, 180]",16.56,4729,"[111.65698888888889, 115.4669, 124.7638]"
552681250653620.jpg,"[30, 32, 37]",44.76,"[192, 166, 127]",14.34,"[243, 235, 221]",11.16,4484,"[113.55027777777778, 102.62725555555555, 77.13415555555555]"
554868493873150.jpg,"[90, 102, 143]",32.18,"[233, 215, 211]",10.91,"[46, 58, 102]",40.34,3819,"[90.38385555555556, 90.17283333333333, 120.89324444444445]"
555277286838231.jpg,"[28, 41, 83]",45.27,"[197, 153, 131]",16.12,"[212, 213, 217]",12.31,4744,"[105.41158888888889, 94.67921111111112, 115.37866666666666]"
555951703430885.jpg,"[211, 28, 41]",41.34,"[253, 253, 252]",18.58,"[188, 12, 20]",36.01,1875,"[211.661, 68.96814444444445, 77.01907777777778]"
572648055187798.jpg,"[32, 57, 99]",36.07,"[247, 188, 19]",12.73,"[234, 218, 212]",8.34,4458,"[91.82924444444444, 95.83155555555555, 88.9085]"
558028793563287.jpg,"[30, 32, 37]",44.78,"[116, 103, 74]",21.46,"[192, 167, 128]",14.32,4484,"[113.55027777777778, 102.62725555555555, 77.13415555555555]"
558372069860126.jpg,"[18, 22, 52]",27.19,"[240, 232, 231]",9.32,"[139, 65, 60]",6.57,4155,"[61.55918888888889, 62.2011, 103.94875555555555]"
572780958655427.jpg,"[242, 241, 243]",11.03,"[21, 25, 54]",35.92,"[195, 83, 61]",11.55,3720,"[90.58212222222222, 85.77381111111112, 101.18821111111112]"
727988822818369.jpg,"[14, 15, 30]",47.61,"[153, 108, 105]",9.22,"[238, 237, 239]",6.17,3218,"[60.4553, 55.74232222222222, 70.06334444444444]"
750391787140561.jpg,"[26, 28, 60]",29.88,"[205, 164, 151]",12.72,"[67, 80, 140]",34.6,4015,"[98.8491, 90.29507777777778, 118.21676666666667]"
7429916223776917.jpg,"[152, 71, 70]",6.29,"[35, 39, 75]",40.19,"[246, 247, 248]",6.95,3827,"[93.34751111111112, 93.24614444444444, 126.76213333333334]"
7946660175456865.jpg,"[10, 11, 24]",41.76,"[238, 236, 238]",6.51,"[210, 31, 46]",9.14,3025,"[67.38254444444445, 47.65582222222222, 71.14528888888889]"
7787258518064114.jpg,"[35, 55, 107]",36.14,"[110, 100, 126]",19.69,"[241, 233, 230]",5.68,4765,"[108.07497777777778, 115.48806666666667, 141.3889]"
795220226025715.jpg,"[14, 15, 31]",48.64,"[153, 108, 109]",8.95,"[37, 43, 95]",33.06,3152,"[55.725233333333335, 52.48608888888889, 71.8959111111111]"
7953061251473247.jpg,"[49, 62, 104]",31.46,"[237, 227, 225]",12.02,"[98, 123, 169]",26.53,4558,"[85.60152222222223, 91.20694444444445, 122.95528888888889]"
799484652103986.jpg,"[31, 70, 116]",30.85,"[224, 170, 108]",10.76,"[242, 241, 243]",11.08,3720,"[90.58212222222222, 85.77381111111112, 101.18821111111112]"
8029392383763184.jpg,"[14, 15, 31]",48.65,"[244, 187, 18]",3.21,"[238, 237, 239]",6.14,3152,"[55.725233333333335, 52.48608888888889, 71.8959111111111]"
8045558818812882.jpg,"[155, 103, 104]",15.82,"[13, 14, 33]",42.16,"[234, 231, 233]",7.45,3211,"[69.81041111111111, 54.473077777777775, 78.98837777777777]"
805259641812422.jpg,"[254, 49, 50]",63.75,"[235, 234, 228]",12.26,"[31, 30, 30]",14.32,1571,"[207.43262222222222, 75.16793333333334, 78.1502888888889]"
810507454625977.jpg,"[37, 49, 32]",23.77,"[104, 111, 130]",19.1,"[247, 188, 19]",12.72,4458,"[91.82924444444444, 95.83155555555555, 88.9085]"
8123371734437668.jpg,"[239, 241, 244]",52.07,"[207, 37, 48]",12.72,"[37, 46, 87]",7.29,2911,"[203.99915555555555, 182.78933333333333, 190.1027]"
814816600802369.jpg,"[31, 90, 158]",30.44,"[244, 236, 235]",11.35,"[159, 152, 178]",16.05,4843,"[95.59734444444445, 93.23388888888888, 131.99153333333334]"
8142996912489438.jpg,"[239, 247, 252]",43.0,"[16, 38, 86]",20.15,"[195, 137, 85]",3.12,2391,"[133.87187777777777, 146.0102222222222, 175.9323777777778]"
816343550668329.jpg,"[156, 106, 107]",10.32,"[10, 11, 24]",41.83,"[210, 31, 46]",9.14,3025,"[67.38254444444445, 47.65582222222222, 71.14528888888889]"
817313057268069.jpg,"[37, 46, 87]",7.26,"[239, 240, 243]",52.53,"[207, 37, 48]",12.71,2911,"[203.99915555555555, 182.78933333333333, 190.1027]"
817699530429814.jpg,"[207, 41, 56]",7.27,"[29, 39, 78]",37.38,"[235, 237, 241]",27.24,3788,"[130.09803333333332, 122.35132222222222, 146.48461111111112]"
8191988487553081.jpg,"[254, 254, 254]",65.84,"[20, 42, 103]",25.51,"[194, 192, 206]",3.31,973,"[187.27386666666666, 189.57181111111112, 206.79166666666666]"
818415580489263.jpg,"[34, 52, 104]",32.21,"[241, 146, 73]",12.36,"[216, 199, 195]",7.68,3964,"[71.7589, 69.44847777777778, 94.31676666666667]"
820230410090682.jpg,"[197, 156, 146]",7.53,"[12, 19, 38]",27.4,"[212, 237, 246]",34.02,4505,"[112.764, 124.2577, 139.97756666666666]"
820709779903164.jpg,"[14, 15, 30]",47.42,"[153, 108, 105]",9.22,"[238, 237, 239]",6.16,3218,"[60.4553, 55.74232222222222, 70.06334444444444]"
821109856862459.jpg,"[128, 91, 85]",16.0,"[245, 244, 244]",14.67,"[152, 148, 147]",18.9,4754,"[106.94688888888889, 102.38074444444445, 106.52635555555555]"
8228561310567008.jpg,"[163, 148, 141]",14.44,"[73, 87, 94]",29.71,"[243, 242, 241]",11.59,4918,"[99.61772222222223, 118.3270888888889, 125.5513111111111]"
823173869983087.jpg,"[33, 32, 81]",54.87,"[244, 243, 244]",8.43,"[189, 168, 170]",7.22,3845,"[78.15212222222222, 73.99415555555555, 113.2167]"
823180946647708.jpg,"[243, 242, 243]",7.16,"[55, 54, 89]",30.14,"[118, 86, 115]",30.38,4911,"[87.94512222222222, 77.14737777777778, 104.03927777777778]"
823761893302296.jpg,"[191, 79, 59]",11.45,"[242, 241, 242]",11.13,"[20, 25, 54]",35.49,3720,"[90.58212222222222, 85.77381111111112, 101.18821111111112]"
824078302904277.jpg,"[74, 87, 156]",19.87,"[152, 152, 208]",20.74,"[230, 173, 54]",5.41,4923,"[122.13978888888889, 124.75614444444444, 161.74337777777777]"
824442779758434.jpg,"[3, 25, 68]",39.1,"[216, 199, 195]",7.67,"[34, 52, 104]",32.22,3964,"[71.7589, 69.44847777777778, 94.31676666666667]"
825415489658653.jpg,"[12, 19, 38]",27.41,"[212, 237, 246]",33.94,"[106, 123, 146]",12.75,4505,"[112.764, 124.2577, 139.97756666666666]"
826362766141856.jpg,"[30, 33, 42]",22.47,"[54, 151, 204]",47.46,"[107, 169, 208]",16.48,3928,"[80.82035555555555, 127.16665555555555, 159.23368888888888]"
8259345900812917.jpg,"[146, 174, 203]",20.2,"[24, 30, 49]",30.66,"[71, 83, 92]",25.27,4668,"[101.65193333333333, 109.15165555555555, 121.5282888888889]"
826864182985575.jpg,"[67, 79, 134]",25.43,"[242, 240, 242]",7.15,"[22, 30, 79]",54.66,4123,"[68.83987777777777, 69.58137777777777, 111.16184444444444]"
827692729533071.jpg,"[19, 24, 52]",28.36,"[243, 242, 244]",9.06,"[191, 150, 141]",5.8,4427,"[75.8792888888889, 78.10466666666666, 110.6891]"
828830252767514.jpg,"[37, 43, 94]",31.94,"[247, 189, 16]",5.12,"[14, 15, 30]",47.56,3218,"[60.4553, 55.74232222222222, 70.06334444444444]"
829423492633039.jpg,"[67, 80, 134]",25.29,"[242, 240, 242]",7.18,"[22, 30, 80]",54.8,4123,"[68.83987777777777, 69.58137777777777, 111.16184444444444]"
830025549270286.jpg,"[22, 30, 80]",54.75,"[187, 167, 170]",7.06,"[242, 240, 242]",7.17,4123,"[68.83987777777777, 69.58137777777777, 111.16184444444444]"
830528329165974.jpg,"[8, 7, 11]",61.7,"[243, 236, 241]",7.92,"[157, 107, 103]",8.43,2807,"[50.27384444444444, 37.76718888888889, 49.43107777777778]"
8347028098687432.jpg,"[167, 201, 230]",24.95,"[47, 53, 98]",31.01,"[118, 96, 124]",13.01,3513,"[98.22892222222222, 104.75105555555555, 133.09147777777778]"
835493582034297.jpg,"[57, 75, 135]",7.0,"[233, 244, 252]",38.96,"[205, 32, 47]",10.69,2758,"[138.9720888888889, 132.35972222222222, 162.0828]"
8358859227467739.jpg,"[37, 42, 93]",32.21,"[156, 106, 107]",10.31,"[210, 31, 46]",9.14,3025,"[67.38254444444445, 47.65582222222222, 71.14528888888889]"
836260798698997.jpg,"[16, 19, 59]",29.74,"[237, 228, 226]",12.24,"[110, 118, 160]",23.38,3648,"[81.18397777777778, 79.45135555555555, 115.62128888888888]"
836411678669851.jpg,"[24, 34, 59]",22.08,"[143, 144, 203]",25.62,"[244, 185, 26]",8.14,4904,"[123.61747777777778, 123.98438888888889, 151.9991222222222]"
837886155157127.jpg,"[239, 247, 252]",43.0,"[37, 57, 122]",26.7,"[161, 171, 205]",7.08,2391,"[133.87187777777777, 146.0102222222222, 175.9323777777778]"
838809155035497.jpg,"[200, 201, 207]",14.26,"[207, 37, 48]",12.71,"[239, 241, 244]",52.36,2911,"[203.99915555555555, 182.78933333333333, 190.1027]"
838852308389957.jpg,"[150, 14, 14]",3.86,"[39, 107, 177]",50.9,"[2, 2, 3]",31.12,1023,"[56.95642222222222, 86.05657777777778, 122.40441111111112]"
839349351655508.jpg,"[29, 39, 78]",37.37,"[183, 179, 189]",14.2,"[98, 104, 145]",13.86,3788,"[130.09803333333332, 122.35132222222222, 146.48461111111112]"
840549271153368.jpg,"[195, 201, 212]",21.68,"[23, 32, 51]",33.84,"[84, 75, 54]",24.14,4778,"[111.56877777777778, 108.43843333333334, 107.89392222222222]"
8415718835182312.jpg,"[145, 103, 90]",20.39,"[33, 42, 73]",23.61,"[236, 237, 240]",7.53,4616,"[113.29658888888889, 96.9897, 89.3792111111111]"
8428610720511250.jpg,"[189, 168, 171]",7.26,"[33, 32, 81]",54.89,"[154, 64, 65]",5.41,3845,"[78.15212222222222, 73.99415555555555, 113.2167]"
843351797910643.jpg,"[243, 242, 241]",12.75,"[92, 89, 81]",23.94,"[139, 175, 180]",16.66,4729,"[111.65698888888889, 115.4669, 124.7638]"
845202634249051.jpg,"[242, 239, 239]",10.83,"[18, 21, 29]",29.49,"[182, 131, 95]",25.73,4706,"[105.37994444444445, 89.91367777777778, 83.59562222222222]"
846810530923016.jpg,"[48, 52, 66]",19.56,"[242, 239, 239]",10.85,"[182, 131, 94]",26.19,4706,"[105.37994444444445, 89.91367777777778, 83.59562222222222]"
846572683852181.jpg,"[205, 164, 151]",12.77,"[25, 28, 60]",29.71,"[67, 80, 140]",34.71,4015,"[98.8491, 90.29507777777778, 118.21676666666667]"
8478856805482347.jpg,"[20, 22, 53]",26.4,"[228, 217, 216]",11.12,"[144, 75, 66]",7.95,4636,"[72.03007777777778, 73.16376666666666, 110.96323333333333]"
8486171811413113.jpg,"[34, 52, 104]",32.21,"[241, 146, 74]",12.38,"[3, 25, 68]",39.12,3964,"[71.7589, 69.44847777777778, 94.31676666666667]"
848783097224382.jpg,"[55, 54, 89]",30.28,"[243, 242, 244]",7.1,"[118, 86, 115]",30.42,4911,"[87.94512222222222, 77.14737777777778, 104.03927777777778]"
851886303284089.jpg,"[57, 76, 158]",41.67,"[224, 30, 41]",15.68,"[227, 228, 227]",7.44,2976,"[97.88573333333333, 68.736, 113.01998888888889]"
853863723547617.jpg,"[233, 244, 252]",38.86,"[63, 81, 138]",5.9,"[205, 32, 47]",10.69,2758,"[138.9720888888889, 132.35972222222222, 162.0828]"
854884369951454.jpg,"[75, 4, 4]",30.45,"[247, 242, 239]",7.26,"[134, 5, 6]",36.76,1434,"[101.42954444444445, 25.3676, 25.36572222222222]"
855179869897606.jpg,"[95, 54, 71]",20.53,"[246, 242, 243]",17.48,"[167, 123, 136]",12.35,4384,"[94.7961, 80.00738888888888, 95.94727777777777]"
855259306671403.jpg,"[243, 241, 241]",11.64,"[28, 36, 47]",25.47,"[162, 148, 141]",14.44,4918,"[99.61772222222223, 118.3270888888889, 125.5513111111111]"
855865286002749.jpg,"[88, 75, 67]",17.8,"[242, 241, 241]",12.56,"[53, 156, 244]",21.89,4558,"[87.90795555555556, 106.83066666666667, 129.51907777777777]"
855270869884975.jpg,"[25, 28, 60]",29.82,"[246, 235, 232]",9.63,"[67, 80, 140]",34.65,4015,"[98.8491, 90.29507777777778, 118.21676666666667]"
856203253125420.jpg,"[235, 237, 241]",27.29,"[29, 39, 78]",37.37,"[183, 179, 189]",14.21,3788,"[130.09803333333332, 122.35132222222222, 146.48461111111112]"
857112579340700.jpg,"[238, 237, 239]",6.17,"[37, 43, 95]",33.18,"[244, 187, 18]",3.21,3152,"[55.725233333333335, 52.48608888888889, 71.8959111111111]"
858493389213382.jpg,"[246, 252, 235]",42.82,"[48, 128, 115]",17.7,"[178, 7, 15]",17.46,3586,"[166.65307777777778, 157.49658888888888, 146.29628888888888]"
857279082595470.jpg,"[212, 237, 246]",33.95,"[48, 58, 85]",18.37,"[197, 157, 148]",7.59,4505,"[112.764, 124.2577, 139.97756666666666]"
858934386337332.jpg,"[9, 5, 23]",49.02,"[252, 252, 252]",16.84,"[105, 98, 90]",10.2,3352,"[80.08327777777778, 71.68727777777778, 77.7026]"
859975582356267.jpg,"[23, 12, 24]",38.84,"[246, 242, 243]",17.48,"[167, 123, 136]",12.39,4384,"[94.7961, 80.00738888888888, 95.94727777777777]"
860857696003643.jpg,"[56, 56, 99]",31.9,"[245, 246, 247]",8.4,"[118, 89, 114]",31.42,4918,"[93.41871111111111, 83.528, 111.38678888888889]"
860692189074753.jpg,"[144, 145, 203]",25.51,"[24, 34, 59]",22.23,"[244, 184, 26]",8.15,4904,"[123.61747777777778, 123.98438888888889, 151.9991222222222]"
861813412121808.jpg,"[141, 154, 189]",22.31,"[34, 111, 196]",19.83,"[161, 108, 65]",18.24,3949,"[132.36906666666667, 136.64783333333332, 151.77984444444445]"
861848448831778.jpg,"[228, 28, 37]",41.67,"[40, 26, 53]",29.99,"[232, 229, 234]",7.7,3016,"[143.18474444444445, 47.388422222222225, 87.92752222222222]"
862330715355230.jpg,"[35, 39, 75]",40.19,"[204, 176, 170]",7.62,"[94, 108, 158]",38.94,3827,"[93.34751111111112, 93.24614444444444, 126.76213333333334]"
862011862656499.jpg,"[228, 217, 216]",11.12,"[32, 43, 104]",33.75,"[89, 107, 155]",20.77,4636,"[72.03007777777778, 73.16376666666666, 110.96323333333333]"
865928638294353.jpg,"[12, 19, 38]",27.34,"[197, 157, 148]",7.59,"[106, 122, 146]",12.77,4505,"[112.764, 124.2577, 139.97756666666666]"
865449568784122.jpg,"[212, 237, 246]",34.03,"[48, 58, 85]",18.39,"[106, 123, 147]",12.65,4505,"[112.764, 124.2577, 139.97756666666666]"
866831932041152.jpg,"[46, 58, 102]",40.51,"[233, 215, 211]",10.91,"[90, 101, 143]",32.2,3819,"[90.38385555555556, 90.17283333333333, 120.89324444444445]"
866101694899276.jpg,"[47, 58, 85]",18.35,"[212, 237, 246]",33.95,"[197, 157, 147]",7.6,4505,"[112.764, 124.2577, 139.97756666666666]"
868953461234433.jpg,"[14, 15, 31]",48.61,"[238, 237, 239]",6.17,"[152, 108, 108]",8.93,3152,"[55.725233333333335, 52.48608888888889, 71.8959111111111]"
870541491675720.jpg,"[246, 244, 245]",10.36,"[23, 30, 48]",29.89,"[151, 132, 121]",13.95,4668,"[101.65193333333333, 109.15165555555555, 121.5282888888889]"
870719698304920.jpg,"[152, 108, 108]",8.93,"[14, 15, 31]",48.65,"[238, 237, 239]",6.17,3152,"[55.725233333333335, 52.48608888888889, 71.8959111111111]"
873030270959705.jpg,"[110, 130, 213]",22.85,"[31, 41, 85]",20.61,"[244, 186, 21]",9.07,4585,"[85.28783333333334, 104.01187777777778, 151.47586666666666]"
871755481716279.jpg,"[239, 241, 244]",57.97,"[207, 36, 48]",13.32,"[38, 45, 79]",6.7,2963,"[210.62564444444445, 186.9060111111111, 193.82125555555555]"
873539341410213.jpg,"[188, 167, 170]",7.21,"[71, 82, 131]",24.07,"[33, 32, 81]",54.86,3845,"[78.15212222222222, 73.99415555555555, 113.2167]"
874022937568070.jpg,"[118, 86, 115]",30.4,"[243, 241, 243]",7.18,"[18, 21, 49]",25.22,4911,"[87.94512222222222, 77.14737777777778, 104.03927777777778]"
874907657872318.jpg,"[162, 200, 175]",12.81,"[25, 12, 15]",9.15,"[41, 121, 114]",15.58,3405,"[172.94945555555555, 157.5714, 147.90364444444444]"
875308567831157.jpg,"[164, 156, 152]",17.17,"[95, 88, 88]",24.07,"[247, 247, 246]",18.79,4809,"[126.35993333333333, 108.95576666666666, 112.6882]"
875614167828355.jpg,"[24, 34, 59]",22.2,"[144, 145, 203]",25.54,"[244, 185, 26]",8.15,4904,"[123.61747777777778, 123.98438888888889, 151.9991222222222]"
875923457300573.jpg,"[29, 39, 78]",37.41,"[235, 237, 241]",26.98,"[207, 41, 56]",7.28,3788,"[130.09803333333332, 122.35132222222222, 146.48461111111112]"
877648870984567.jpg,"[67, 79, 134]",25.42,"[242, 240, 241]",7.24,"[22, 30, 79]",54.64,4123,"[68.83987777777777, 69.58137777777777, 111.16184444444444]"
880005383612652.jpg,"[156, 106, 107]",10.32,"[37, 42, 92]",32.24,"[210, 31, 46]",9.14,3025,"[67.38254444444445, 47.65582222222222, 71.14528888888889]"
8816105361732987.jpg,"[19, 26, 81]",58.75,"[183, 164, 167]",6.98,"[134, 64, 65]",7.72,3843,"[63.39381111111111, 63.94151111111111, 107.64971111111112]"
883078807202133.jpg,"[165, 121, 116]",9.3,"[4, 27, 71]",38.59,"[247, 187, 19]",9.31,4082,"[71.8887111111111, 75.22922222222222, 94.20512222222223]"
883193777038519.jpg,"[212, 237, 246]",33.95,"[47, 58, 85]",18.34,"[197, 157, 148]",7.6,4505,"[112.764, 124.2577, 139.97756666666666]"
883264116632718.jpg,"[90, 101, 143]",32.21,"[233, 215, 211]",10.91,"[176, 94, 86]",7.23,3819,"[90.38385555555556, 90.17283333333333, 120.89324444444445]"
886238030092833.jpg,"[16, 19, 59]",29.42,"[109, 117, 160]",23.33,"[237, 228, 226]",12.26,3648,"[81.18397777777778, 79.45135555555555, 115.62128888888888]"
886443449539694.jpg,"[26, 35, 82]",50.28,"[191, 164, 162]",8.52,"[71, 84, 137]",32.86,4023,"[72.5143, 75.67717777777777, 117.20853333333334]"
887704683175095.jpg,"[17, 8, 13]",38.84,"[186, 154, 143]",10.46,"[40, 49, 71]",24.17,3424,"[96.46596666666667, 62.48542222222222, 74.05215555555556]"
889433306382551.jpg,"[19, 24, 52]",28.36,"[243, 242, 244]",9.04,"[74, 85, 140]",27.94,4427,"[75.8792888888889, 78.10466666666666, 110.6891]"
888751196452939.jpg,"[20, 22, 53]",26.32,"[228, 217, 216]",11.13,"[89, 107, 155]",20.79,4636,"[72.03007777777778, 73.16376666666666, 110.96323333333333]"
890495275831505.jpg,"[233, 244, 252]",38.96,"[24, 43, 98]",35.09,"[205, 32, 47]",10.69,2758,"[138.9720888888889, 132.35972222222222, 162.0828]"
889848282589469.jpg,"[150, 143, 161]",7.37,"[28, 39, 105]",49.59,"[240, 233, 232]",9.23,4155,"[61.55918888888889, 62.2011, 103.94875555555555]"
890680289603907.jpg,"[120, 101, 75]",29.49,"[178, 175, 190]",11.28,"[47, 50, 65]",33.94,5081,"[112.04736666666666, 108.00152222222222, 113.14038888888889]"
891880072891119.jpg,"[9, 9, 22]",38.33,"[154, 105, 102]",12.82,"[35, 41, 90]",36.27,3103,"[66.66558888888889, 59.21858888888889, 70.07277777777777]"
893445939307630.jpg,"[39, 50, 111]",24.92,"[238, 229, 227]",10.06,"[131, 133, 162]",12.25,4181,"[67.62605555555555, 67.68737777777778, 105.82073333333334]"
891971855629070.jpg,"[241, 242, 246]",6.34,"[26, 35, 82]",50.28,"[201, 33, 50]",1.99,4023,"[72.5143, 75.67717777777777, 117.20853333333334]"
893553552831503.jpg,"[189, 45, 51]",7.97,"[26, 26, 38]",38.58,"[158, 147, 157]",12.91,4296,"[79.60418888888888, 69.8925, 93.47796666666666]"
893645752626459.jpg,"[250, 250, 251]",8.06,"[23, 32, 51]",33.84,"[84, 75, 54]",24.14,4778,"[111.56877777777778, 108.43843333333334, 107.89392222222222]"
894697691986344.jpg,"[32, 57, 100]",36.02,"[247, 188, 19]",12.72,"[234, 218, 211]",8.35,4458,"[91.82924444444444, 95.83155555555555, 88.9085]"
8973713222644844.jpg,"[235, 237, 241]",27.29,"[29, 39, 78]",37.37,"[98, 105, 145]",13.86,3788,"[130.09803333333332, 122.35132222222222, 146.48461111111112]"
897164825624889.jpg,"[240, 233, 232]",9.2,"[18, 22, 52]",27.31,"[28, 39, 105]",49.49,4155,"[61.55918888888889, 62.2011, 103.94875555555555]"
897714502245874.jpg,"[247, 188, 19]",12.73,"[32, 56, 99]",36.25,"[234, 218, 211]",8.37,4458,"[91.82924444444444, 95.83155555555555, 88.9085]"
898953808720573.jpg,"[169, 84, 82]",6.22,"[49, 62, 104]",31.51,"[237, 228, 226]",11.99,4558,"[85.60152222222223, 91.20694444444445, 122.95528888888889]"
899540898891936.jpg,"[94, 99, 155]",26.94,"[34, 38, 91]",22.28,"[206, 37, 50]",12.1,3524,"[97.13055555555556, 80.41547777777778, 126.05996666666667]"
901570555165281.jpg,"[40, 49, 86]",48.3,"[195, 173, 176]",8.63,"[244, 246, 248]",7.04,4128,"[101.24457777777778, 97.57165555555555, 122.94571111111111]"
903735961656286.jpg,"[37, 42, 92]",32.24,"[156, 106, 107]",10.32,"[10, 11, 24]",41.79,3025,"[67.38254444444445, 47.65582222222222, 71.14528888888889]"
901412668541864.jpg,"[116, 103, 74]",21.45,"[243, 235, 221]",11.16,"[192, 166, 127]",14.34,4484,"[113.55027777777778, 102.62725555555555, 77.13415555555555]"
904540434821926.jpg,"[29, 39, 78]",37.41,"[185, 180, 191]",14.34,"[99, 105, 145]",14.0,3788,"[130.09803333333332, 122.35132222222222, 146.48461111111112]"
908391388015209.jpg,"[128, 92, 86]",16.01,"[245, 244, 244]",14.65,"[22, 27, 40]",24.11,4754,"[106.94688888888889, 102.38074444444445, 106.52635555555555]"
910048787594853.jpg,"[183, 179, 189]",14.21,"[29, 39, 78]",37.37,"[235, 237, 241]",27.29,3788,"[130.09803333333332, 122.35132222222222, 146.48461111111112]"
906683667970294.jpg,"[28, 39, 77]",24.42,"[216, 214, 237]",17.34,"[135, 137, 193]",24.45,4703,"[114.76397777777778, 116.13407777777778, 146.2048111111111]"
9134407116586385.jpg,"[156, 146, 150]",13.19,"[239, 241, 243]",52.48,"[207, 37, 48]",12.71,2911,"[203.99915555555555, 182.78933333333333, 190.1027]"
920735329883811.jpg,"[244, 228, 223]",9.99,"[205, 33, 48]",1.96,"[20, 20, 37]",25.93,4625,"[104.99041111111111, 88.9166, 104.95003333333334]"
913701043924170.jpg,"[233, 233, 229]",12.48,"[56, 73, 157]",64.66,"[31, 31, 32]",14.71,1537,"[84.54892222222222, 88.3925111111111, 143.59194444444444]"
921334156682831.jpg,"[127, 91, 85]",16.11,"[245, 244, 244]",14.67,"[60, 64, 72]",26.31,4754,"[106.94688888888889, 102.38074444444445, 106.52635555555555]"
922120373270297.jpg,"[243, 241, 243]",8.63,"[29, 34, 67]",38.56,"[160, 153, 167]",12.01,3986,"[90.1913888888889, 87.84986666666667, 121.58437777777777]"
925593419394121.jpg,"[60, 64, 72]",26.38,"[245, 244, 244]",14.66,"[128, 92, 85]",16.03,4754,"[106.94688888888889, 102.38074444444445, 106.52635555555555]"
925503142932318.jpg,"[95, 115, 172]",21.37,"[39, 37, 65]",33.13,"[243, 244, 247]",7.06,4733,"[105.04301111111111, 96.69113333333334, 120.23864444444445]"
932283112043584.jpg,"[201, 202, 208]",14.36,"[207, 39, 50]",11.61,"[156, 147, 151]",13.13,2824,"[206.47003333333333, 187.61922222222222, 194.17626666666666]"
925816942898440.jpg,"[31, 43, 88]",29.99,"[153, 154, 209]",20.64,"[77, 89, 158]",19.72,4923,"[122.13978888888889, 124.75614444444444, 161.74337777777777]"
933385845290626.jpg,"[18, 27, 74]",39.17,"[163, 149, 160]",8.14,"[118, 41, 54]",19.95,4100,"[82.21472222222222, 72.01101111111112, 106.00638888888889]"
941349978011669.jpg,"[46, 62, 95]",21.67,"[222, 226, 228]",33.83,"[11, 19, 44]",22.24,4412,"[116.82641111111111, 123.90804444444444, 140.4763888888889]"
954999573307387.jpg,"[40, 24, 50]",28.44,"[232, 28, 38]",41.5,"[168, 123, 123]",6.74,2877,"[145.4447111111111, 55.946044444444446, 80.69433333333333]"
958366476308747.jpg,"[119, 89, 114]",31.3,"[245, 246, 248]",8.36,"[17, 20, 49]",21.3,4918,"[93.41871111111111, 83.528, 111.38678888888889]"
980457687111175.jpg,"[155, 115, 109]",9.88,"[37, 54, 109]",39.52,"[220, 202, 198]",8.3,4025,"[68.64552222222223, 72.96824444444445, 95.88177777777778]"
982542930335863.jpg,"[4, 26, 69]",34.94,"[220, 202, 198]",8.35,"[245, 184, 17]",7.64,4025,"[68.64552222222223, 72.96824444444445, 95.88177777777778]"
960226512539237.jpg,"[39, 44, 97]",29.47,"[207, 27, 45]",5.06,"[234, 231, 233]",7.48,3211,"[69.81041111111111, 54.473077777777775, 78.98837777777777]"
989550619610775.jpg,"[46, 58, 102]",40.29,"[233, 215, 212]",10.86,"[45, 37, 43]",9.42,3819,"[90.38385555555556, 90.17283333333333, 120.89324444444445]"
995317735524759.jpg,"[212, 237, 246]",33.95,"[48, 58, 85]",18.36,"[106, 122, 146]",12.77,4505,"[112.764, 124.2577, 139.97756666666666]"
